Chapter,Class,Subject,action,character,correct_ans,opt_1,opt_2,opt_3,question,serialno,source
বাংলাদেশ মুক্তিযুদ্ধ ও স্বাধীনতা,বাংলাদেশ মুক্তিযুদ্ধ ও স্বাধীনতা,বাংলাদেশ মুক্তিযুদ্ধ ও স্বাধীনতা,,,১৯৪৭ সালে (বর্তমান নাম মাওলানা আজাদ কলেজ),১৯৪৬ সালে,১৯৪৪ সালে,১৯৪১ সালে,বঙ্গবন্ধু কবে ইসলামিয়া কলেজ থেকে বিএ পাস করেন?,5,নতুন বিশ্ব
বাংলাদেশ মুক্তিযুদ্ধ ও স্বাধীনতা,বাংলাদেশ মুক্তিযুদ্ধ ও স্বাধীনতা,বাংলাদেশ মুক্তিযুদ্ধ ও স্বাধীনতা,,,"৮ নভেম্বর, ১৯৯৮; ১৫ জন","২৬ ডিসেম্বর, ১৯৭৫; ৪ জন","১৯ মার্চ, ১৯৭৪; ১২ জন","১৯ মার্চ, ১৯৭৪; ৯ জন",ঢাকা জেলা ও দায়রা জজ কাজী গোলাম রসুল কবে কতজন আসামিকে মৃত্যুদ- দিয়ে রায় দেন?,45,নতুন বিশ্ব
বাংলাদেশ মুক্তিযুদ্ধ ও স্বাধীনতা,বাংলাদেশ মুক্তিযুদ্ধ ও স্বাধীনতা,বাংলাদেশ মুক্তিযুদ্ধ ও স্বাধীনতা,,,ফিদেল ক্যাস্ট্রো (কিউবার সাবেক প্রেসিডেন্ট),নেলসন ম্যান্ডেলার,হিলারী ক্লিনটনের,ভ্লাদিমির পুতিনের,"‘আমি হিমালয় দেখিনি, আমি মুজিবকে দেখেছি’। উক্তিটি কার?",53,নতুন বিশ্ব
বাংলাদেশ মুক্তিযুদ্ধ ও স্বাধীনতা,বাংলাদেশ মুক্তিযুদ্ধ ও স্বাধীনতা,বাংলাদেশ মুক্তিযুদ্ধ ও স্বাধীনতা,,,জেনারেল ইয়াহিয়া খান,জহরলাল নেহেরু,মোহাম্মদ আলী জিন্নাহ্,মোনায়েম খান,"‘লোকটি এবং তার দল পাকিস্তানের শত্রু, এবার তারা শাস্তি এড়াতে পারবে না’।- এ দম্ভোক্তিকারী ব্যক্তি কে ছিল?",70,নতুন বিশ্ব
বাংলাদেশ মুক্তিযুদ্ধ ও স্বাধীনতা,বাংলাদেশ মুক্তিযুদ্ধ ও স্বাধীনতা,বাংলাদেশ মুক্তিযুদ্ধ ও স্বাধীনতা,,,জেনারেল জগজিৎ সিং অরোরা,জেনারেল বিপন রাওয়াত,মি. মনোজ মুকুন্দ নারাভান,কেউ নয়,ভারত-বাংলাদেশ যৌথ কমান্ডের সেনাধ্যক্ষ কে ছিলেন?,72,নতুন বিশ্ব
বাংলাদেশ মুক্তিযুদ্ধ ও স্বাধীনতা,বাংলাদেশ মুক্তিযুদ্ধ ও স্বাধীনতা,বাংলাদেশ মুক্তিযুদ্ধ ও স্বাধীনতা,,,"১৯৭১ সালে, বঙ্গবন্ধু শেখ মুজিবুর রহমান","১৯৭১ সালে, মাওলানা ভাসানী","১৯৭১ সালে, এম. এ. জি. ওসমানী","১৯৭১ সালে, জিয়াউর রহমান","কোন তারিখ, কে বাংলাদেশের স্বাধীনতা ঘোষণা করেন?",78,নতুন বিশ্ব
বাংলাদেশ মুক্তিযুদ্ধ ও স্বাধীনতা,বাংলাদেশ মুক্তিযুদ্ধ ও স্বাধীনতা,বাংলাদেশ মুক্তিযুদ্ধ ও স্বাধীনতা,,,ওয়্যালেসের মাধ্যমে,টেলিফোনে,ফ্যাক্স-এ,টেলিভিশনে,"২৬ মার্চ, ১৯৭১-এর স্বাধীনতা ঘোষণা বঙ্গবন্ধু জারী করেন কিসের মাধ্যমে?",81,নতুন বিশ্ব
বাংলাদেশ মুক্তিযুদ্ধ ও স্বাধীনতা,বাংলাদেশ মুক্তিযুদ্ধ ও স্বাধীনতা,বাংলাদেশ মুক্তিযুদ্ধ ও স্বাধীনতা,,,১০ নং,১১ নং,৭ নং,১ নং,মুক্তিযুদ্ধের সময় নৌ-বাহিনী কোন সেক্টরের অধীন ছিল?,98,নতুন বিশ্ব
বাংলাদেশ মুক্তিযুদ্ধ ও স্বাধীনতা,বাংলাদেশ মুক্তিযুদ্ধ ও স্বাধীনতা,বাংলাদেশ মুক্তিযুদ্ধ ও স্বাধীনতা,,,"১ ইস্ট বেঙ্গল রেজিমেন্ট, ৩ ইস্ট বেঙ্গল রেজিমেন্ট, ৮ ইস্ট বেঙ্গল রেজিমেন্ট, ২ ফিল্ড ব্যাটারি আর্টিলার ও একটি সিগন্যাল কোম্পানি",ইস্ট বেঙ্গল রেজিমেন্ট,ফিল্ড ব্যাটারি আর্টিলার,একটি সিগন্যাল কোম্পানি,জেড ফোর্সের অন্তর্ভুক্ত ছিল কি কি?,108,নতুন বিশ্ব
বাংলাদেশ মুক্তিযুদ্ধ ও স্বাধীনতা,বাংলাদেশ মুক্তিযুদ্ধ ও স্বাধীনতা,বাংলাদেশ মুক্তিযুদ্ধ ও স্বাধীনতা,,,স্বাধীনতা যুদ্ধে,মানবাধিকার সংস্থায়,সমাজকল্যাণ সংস্থায়,কোনোটিই নয়,ম্যাচ থেকে আয় হওয়া টাকা ব্যয় করা হয় কোন খাতে?,120,নতুন বিশ্ব
বাংলাদেশ মুক্তিযুদ্ধ ও স্বাধীনতা,বাংলাদেশ মুক্তিযুদ্ধ ও স্বাধীনতা,বাংলাদেশ মুক্তিযুদ্ধ ও স্বাধীনতা,,,CVN-65,CVA-63,Big C,None of these,USS Enterprise-এর সামরিক নাম কি?,125,নতুন বিশ্ব
বাংলাদেশ মুক্তিযুদ্ধ ও স্বাধীনতা,বাংলাদেশ মুক্তিযুদ্ধ ও স্বাধীনতা,বাংলাদেশ মুক্তিযুদ্ধ ও স্বাধীনতা,,,"১৬ ডিসেম্বর, ১৯৭১","১৮ জুলাই, ১৯৭২","২২ জুলাই, ১৯৭৭","১৫ মার্চ, ১৯৭০",বাংলাদেশ কবে পাক হানাদার মুক্ত হয়?,149,নতুন বিশ্ব
বাংলাদেশ মুক্তিযুদ্ধ ও স্বাধীনতা,বাংলাদেশ মুক্তিযুদ্ধ ও স্বাধীনতা,বাংলাদেশ মুক্তিযুদ্ধ ও স্বাধীনতা,,,৭ জন,৪ জন,৩ জন,৫ জন,স্বাধীনতা যুদ্ধে কতজন বীরশ্রেষ্ঠ ছিলেন?,180,নতুন বিশ্ব
বাংলাদেশ মুক্তিযুদ্ধ ও স্বাধীনতা,বাংলাদেশ মুক্তিযুদ্ধ ও স্বাধীনতা,বাংলাদেশ মুক্তিযুদ্ধ ও স্বাধীনতা,,,ভারত,মিয়ানমার,রাশিয়া,নেপাল,বাংলাদেশকে স্বীকৃতিদানকারী দ্বিতীয় রাষ্ট্র কোনটি?,185,নতুন বিশ্ব
বাংলাদেশ মুক্তিযুদ্ধ ও স্বাধীনতা,বাংলাদেশ মুক্তিযুদ্ধ ও স্বাধীনতা,বাংলাদেশ মুক্তিযুদ্ধ ও স্বাধীনতা,,,৭টি,৫টি,৩টি,১টি,জাতীয় স্মৃতিসৌধের ফলক সংখ্যা কত?,206,নতুন বিশ্ব
বাংলাদেশ মুক্তিযুদ্ধ ও স্বাধীনতা,বাংলাদেশ মুক্তিযুদ্ধ ও স্বাধীনতা,বাংলাদেশ মুক্তিযুদ্ধ ও স্বাধীনতা,,,"কলাভবন, ঢাকা বিশ্ববিদ্যালয়","রামপুরা, ঢাকা","নবীনগর, সাভার","জয়দেপুর, গাজীপুর",অপরাজেয় বাংলার অবস্থান কোথায়?,229,নতুন বিশ্ব
বাংলাদেশ মুক্তিযুদ্ধ ও স্বাধীনতা,বাংলাদেশ মুক্তিযুদ্ধ ও স্বাধীনতা,বাংলাদেশ মুক্তিযুদ্ধ ও স্বাধীনতা,,,জাহাঙ্গীরনগর বিশ্ববিদ্যালয়ের কেন্দ্রীয় গ্রন্থাগারের সামনে,ঢাকা বিশ্ববিদ্যালয়ের টিএসসি চত্বরে,জগন্নাথ বিশ্ববিদ্যালয়ে,"কলাভবন, ঢাকা বিশ্ববিদ্যালয়ে",সংশপ্তকের অবস্থান কোথায়?,240,নতুন বিশ্ব
বাংলাদেশ মুক্তিযুদ্ধ ও স্বাধীনতা,বাংলাদেশ মুক্তিযুদ্ধ ও স্বাধীনতা,বাংলাদেশ মুক্তিযুদ্ধ ও স্বাধীনতা,,,"৯ জুলাই, ১৯৫৩","২৩ জুন, ১৯৪৫","১৮ জুলাই, ১৯৫২","১০ জুলাই, ১৯৫১",বঙ্গবন্ধু কবে প্রাদেশিক আওয়ামী মুসলিম লীগের কাউন্সিল অধিবেশনে সাধারণ সম্পাদক নির্বাচিত হন?,9,নতুন বিশ্ব
বাংলাদেশ মুক্তিযুদ্ধ ও স্বাধীনতা,বাংলাদেশ মুক্তিযুদ্ধ ও স্বাধীনতা,বাংলাদেশ মুক্তিযুদ্ধ ও স্বাধীনতা,,,"১৭ জুন, ১৯৫৫","১৫ জুন, ১৯৫৫","১৭ জুলাই, ১৯৫২","১২ আগস্ট, ১৯৫৩",বঙ্গবন্ধু কবে প্রথম পূর্ব পাকিস্তানের স্বায়ত্তশাসন দাবি করেন?,13,নতুন বিশ্ব
বাংলাদেশ মুক্তিযুদ্ধ ও স্বাধীনতা,বাংলাদেশ মুক্তিযুদ্ধ ও স্বাধীনতা,বাংলাদেশ মুক্তিযুদ্ধ ও স্বাধীনতা,,,"২২ ফেব্রুয়ারি, ১৯৬৯","২২ ফেব্রুয়ারি, ১৯৩৫","২৩ জুন, ১৬৫৮","২৪ আগস্ট, ১৯৬০",‘রাষ্ট্র বনাম শেখ মুজিবুর রহমান ও অন্যান্য’ শিরোনামে মিথ্যা মামলা প্রত্যাহার করা হয় কবে?,22,নতুন বিশ্ব
বাংলাদেশ মুক্তিযুদ্ধ ও স্বাধীনতা,বাংলাদেশ মুক্তিযুদ্ধ ও স্বাধীনতা,বাংলাদেশ মুক্তিযুদ্ধ ও স্বাধীনতা,,,"১০ আগস্ট, ১৯৭১","১০ আগস্ট, ১৯৭৩","১৯ মার্চ, ১৯৭৪","১৫ জুন, ১৯৭৫",পাকিস্তানের সামরিক জান্তা বঙ্গবন্ধুর পক্ষ সমর্থনের জন্য কবে আইনজীবী এ কে ব্রোহীকে নিয়োগ দেয়?,27,নতুন বিশ্ব
বাংলাদেশ মুক্তিযুদ্ধ ও স্বাধীনতা,বাংলাদেশ মুক্তিযুদ্ধ ও স্বাধীনতা,বাংলাদেশ মুক্তিযুদ্ধ ও স্বাধীনতা,,,"১৪ ডিসেম্বর, ১৯৭১","১৪ ডিসেম্বর, ১৯৭৫","১৩ জুন, ১৯৭২","২৮ সেপ্টেম্বর, ১৯৭০",মুক্তিযুদ্ধকালীন কোন তারিখে বুদ্ধিজীবীদের ওপর ব্যাপক হত্যাকা- সংঘটিত হয়?,71,নতুন বিশ্ব
বাংলাদেশ মুক্তিযুদ্ধ ও স্বাধীনতা,বাংলাদেশ মুক্তিযুদ্ধ ও স্বাধীনতা,বাংলাদেশ মুক্তিযুদ্ধ ও স্বাধীনতা,,,পাক হানাদারদের নৌপথে সৈন্য ও সমর সরঞ্জাম পরিবহন ব্যবস্থা বানচাল করা,অভ্যন্তরীণ সন্ত্রাস দমন,জঙ্গী নির্মূলকরণ,কোনোটিই নয়,‘অপারেশন জ্যাকপট’ কি?,90,নতুন বিশ্ব
বাংলাদেশ মুক্তিযুদ্ধ ও স্বাধীনতা,বাংলাদেশ মুক্তিযুদ্ধ ও স্বাধীনতা,বাংলাদেশ মুক্তিযুদ্ধ ও স্বাধীনতা,,,মুক্তিযুদ্ধকালে বাংলাদেশি শরণার্থীদের পক্ষে জনমত ও তহবিল সংগ্রহের জন্য আয়োজিত কনসার্ট,অসহায় লোকদের তহবিল সংগ্রহের জন্য কনসার্ট,মানবাধিকার কল্যাণে আয়োজিত কনসার্ট,নারী অধিকার বাস্তবায়নে আয়োজিত কনসার্ট,কনসার্ট ফর বাংলাদেশ কী?,127,নতুন বিশ্ব
বাংলাদেশ মুক্তিযুদ্ধ ও স্বাধীনতা,বাংলাদেশ মুক্তিযুদ্ধ ও স্বাধীনতা,বাংলাদেশ মুক্তিযুদ্ধ ও স্বাধীনতা,,,মুজিবনগর সরকার,হুসেন মোহাম্মদ এরশাদ,বেগম খালেদা জিয়া,প্রেসিডেন্ট জিয়াউর রহমান,প্রথম ডাকটিকিট প্রকাশ করে কোন সরকার?,161,নতুন বিশ্ব
বাংলাদেশ মুক্তিযুদ্ধ ও স্বাধীনতা,বাংলাদেশ মুক্তিযুদ্ধ ও স্বাধীনতা,বাংলাদেশ মুক্তিযুদ্ধ ও স্বাধীনতা,,,নিতুন কুণ্ডু,মঈনুল ইসলাম,লুই আইকন,বিমান মল্লিক,১৯৭২ সালের স্বাধীনতা দিবসের ডাকটিকিটের ডিজাইনার কে ছিলেন?,173,নতুন বিশ্ব
বাংলাদেশ মুক্তিযুদ্ধ ও স্বাধীনতা,বাংলাদেশ মুক্তিযুদ্ধ ও স্বাধীনতা,বাংলাদেশ মুক্তিযুদ্ধ ও স্বাধীনতা,,,একাত্তরের সংকলন,প্রামাণ্য চিত্র,সাহিত্য রচনা,গ্রন্থ রচনা,‘দ্য টেস্টিমনি অব সিক্সটি’ কি?,190,নতুন বিশ্ব
বাংলাদেশ মুক্তিযুদ্ধ ও স্বাধীনতা,বাংলাদেশ মুক্তিযুদ্ধ ও স্বাধীনতা,বাংলাদেশ মুক্তিযুদ্ধ ও স্বাধীনতা,,,"১৪ ডিসেম্বর, ১৯৮৬","১০ জুন, ১৯৭০","২১ ফেব্রুয়ারি, ১৯৭২","১৬ মার্চ, ১৯৭১",রায়েরবাজার বধ্যভূমি স্মৃতিসৌধের-এর ভিত্তিপ্রস্তর স্থাপিত হয় কবে?,221,নতুন বিশ্ব
বাংলাদেশ মুক্তিযুদ্ধ ও স্বাধীনতা,বাংলাদেশ মুক্তিযুদ্ধ ও স্বাধীনতা,বাংলাদেশ মুক্তিযুদ্ধ ও স্বাধীনতা,,,"২৫ জানুয়ারি, ১৯৭৫","২৩ জুন, ১৬৫৮","১৫ মার্চ, ১৯৬৭","২২ ফেব্রুয়ারি, ১৯৩৫",বঙ্গবন্ধু কবে জাতীয় সংসদে দাঁড়িয়ে দ্বিতীয় বিপ্লবের ডাক দিয়েছিলেন?,37,নতুন বিশ্ব
বাংলাদেশ মুক্তিযুদ্ধ ও স্বাধীনতা,বাংলাদেশ মুক্তিযুদ্ধ ও স্বাধীনতা,বাংলাদেশ মুক্তিযুদ্ধ ও স্বাধীনতা,,,"২৪ ফেব্রুয়ারি, ১৯৭৫","১৩ আগস্ট, ১৯৭২","১ জানুয়ারি, ১৯৬০","৮ অক্টোবর, ১৯৭১",বঙ্গবন্ধু কবে ডিক্রির মাধ্যমে সমস্ত রাজনৈতিক দলের সম্মিলনে ‘বাংলাদেশ কৃষক শ্রমিক আওয়ামী লীগ (বাকশাল)’ গঠন করেন?,38,নতুন বিশ্ব
বাংলাদেশ মুক্তিযুদ্ধ ও স্বাধীনতা,বাংলাদেশ মুক্তিযুদ্ধ ও স্বাধীনতা,বাংলাদেশ মুক্তিযুদ্ধ ও স্বাধীনতা,,,আ ফ ম মোহিতুল ইসলাম,কাজী গোলাম রসুল,এডভোকেট মোতাহার হোসেন,মমিনুল ইসলাম,বঙ্গবন্ধু হত্যা মামলার এজাহার কে দায়ের করেন?,44,নতুন বিশ্ব
বাংলাদেশ মুক্তিযুদ্ধ ও স্বাধীনতা,বাংলাদেশ মুক্তিযুদ্ধ ও স্বাধীনতা,বাংলাদেশ মুক্তিযুদ্ধ ও স্বাধীনতা,,,"২৭ জানুয়ারি, ২০১০ (দিবাগত রাতে)","৮ অক্টোবর, ১৯৭১","৮ ফেব্রুয়ারি,, ১৯৭১","২২ জুলাই, ১৯৪৭",বঙ্গবন্ধু হত্যা মামলার পাঁচ খুনির মৃত্যুদ- কার্যকর করা হয় কবে?,48,নতুন বিশ্ব
বাংলাদেশ মুক্তিযুদ্ধ ও স্বাধীনতা,বাংলাদেশ মুক্তিযুদ্ধ ও স্বাধীনতা,বাংলাদেশ মুক্তিযুদ্ধ ও স্বাধীনতা,,,‘টাস্কফোর্স-৭৪’,‘টাস্কফোর্স-২৫’,‘টাস্কফোর্স-২৯’,‘টাস্কফোর্স-৭১’,সপ্তম নৌবহরে কয়েকটি জাহাজের সমন্বয়ে কি গঠন করা হয়?,123,নতুন বিশ্ব
বাংলাদেশ মুক্তিযুদ্ধ ও স্বাধীনতা,বাংলাদেশ মুক্তিযুদ্ধ ও স্বাধীনতা,বাংলাদেশ মুক্তিযুদ্ধ ও স্বাধীনতা,,,ইউএসএস এন্টারপ্রাইজ,ইউএসএস নেভিগেশন,ইউএন এন্টারপ্রাইজ,কোনোটিই নয়,সম্পূর্ণ পারমাণবিক অস্ত্রে সজ্জিত টাস্কফোর্সটির নেতৃত্বদানকারী জাহাজটির নাম কি ছিল?,124,নতুন বিশ্ব
বাংলাদেশ মুক্তিযুদ্ধ ও স্বাধীনতা,বাংলাদেশ মুক্তিযুদ্ধ ও স্বাধীনতা,বাংলাদেশ মুক্তিযুদ্ধ ও স্বাধীনতা,,,"২১ নভেম্বর, ১৯৭১","৮ ফেব্রুয়ারি, ১৯৭১","১২ আগস্ট, ১৯৭৩","২৬ ডিসেম্বর, ১৯৭৫",ভারত-বাংলাদেশ যৌথ বাহিনী কবে গঠিত হয়?,145,নতুন বিশ্ব
বাংলাদেশ মুক্তিযুদ্ধ ও স্বাধীনতা,বাংলাদেশ মুক্তিযুদ্ধ ও স্বাধীনতা,বাংলাদেশ মুক্তিযুদ্ধ ও স্বাধীনতা,,,"১০ জানুয়ারি, ১৯৭২","১২ জুন, ১৯৭২","১২ মার্চ, ১৯৭০","৫ ফেব্রুয়ারি, ১৯৭৪",স্বাধীনতা যুদ্ধের সময় পাকিস্তানের বন্দি স্বাধীনতা সংগ্রামের নায়ক শেখ মুজিবুর রহমান ইংল্যান্ড ও ভারত হয়ে দেশে ফিরে আসেন কত তারিখে?,152,নতুন বিশ্ব
বাংলাদেশ মুক্তিযুদ্ধ ও স্বাধীনতা,বাংলাদেশ মুক্তিযুদ্ধ ও স্বাধীনতা,বাংলাদেশ মুক্তিযুদ্ধ ও স্বাধীনতা,,,৮ প্রকার,৭ প্রকার,৪ প্রকার,৩ প্রকার,১৯৭১ সালে মুজিববনগর সরকার কত প্রকার ডকটিকেট প্রকাশ করে?,163,নতুন বিশ্ব
বাংলাদেশ মুক্তিযুদ্ধ ও স্বাধীনতা,বাংলাদেশ মুক্তিযুদ্ধ ও স্বাধীনতা,বাংলাদেশ মুক্তিযুদ্ধ ও স্বাধীনতা,,,২০ পয়সা,১০ পয়সা,৫ পয়সা,২৫ পয়সা,স্বাধীনতার পর প্রকাশিত প্রথম স্মারক ডাকটিকিটের মূল্য কত ছিল?,168,নতুন বিশ্ব
বাংলাদেশ মুক্তিযুদ্ধ ও স্বাধীনতা,বাংলাদেশ মুক্তিযুদ্ধ ও স্বাধীনতা,বাংলাদেশ মুক্তিযুদ্ধ ও স্বাধীনতা,,,কে. জি. মুস্তাফা,বিপি চিতনিশ,নিতুন কুণ্ডু,লুই আইকন,১৯৭২ সালের বিজয় বিদবসের ডাকটিকিটের ডিজাইনার কে ছিলেন?,174,নতুন বিশ্ব
বাংলাদেশ মুক্তিযুদ্ধ ও স্বাধীনতা,বাংলাদেশ মুক্তিযুদ্ধ ও স্বাধীনতা,বাংলাদেশ মুক্তিযুদ্ধ ও স্বাধীনতা,,,১৫০টি,১২৫টি,৫৮টি,১৪৩টি,বাংলাদেশকে এ পর্যন্ত কতটি দেশ আনুষ্ঠানিকভাবে স্বীকৃতি দিয়েছে?,186,নতুন বিশ্ব
বাংলাদেশ মুক্তিযুদ্ধ ও স্বাধীনতা,বাংলাদেশ মুক্তিযুদ্ধ ও স্বাধীনতা,বাংলাদেশ মুক্তিযুদ্ধ ও স্বাধীনতা,,,চীন,রাশিয়া,জাপান,যুক্তরাজ্য,বাংলাদেশকে স্বাধীন রাষ্ট্র হিসেবে সর্বশেষ স্বীকৃতি দেয় কোন দেশ?,187,নতুন বিশ্ব
বাংলাদেশ মুক্তিযুদ্ধ ও স্বাধীনতা,বাংলাদেশ মুক্তিযুদ্ধ ও স্বাধীনতা,বাংলাদেশ মুক্তিযুদ্ধ ও স্বাধীনতা,,,"১৭ এপ্রিল, ১৯৭৪","১৬ ডিসেম্বর, ১৯৬৯","১৪ আগস্ট, ১৯৭২","২৬ মার্চ, ১৯৭০",মুজিবনগর স্মৃতিসৌধের কমপ্লেক্স-এর ভিত্তিপ্রস্তর স্থাপন করা হয় কবে?,209,নতুন বিশ্ব
বাংলাদেশ মুক্তিযুদ্ধ ও স্বাধীনতা,বাংলাদেশ মুক্তিযুদ্ধ ও স্বাধীনতা,বাংলাদেশ মুক্তিযুদ্ধ ও স্বাধীনতা,,,অজ্ঞাত যুদ্ধাহত মুক্তিযোদ্ধা,সৈয়দ মাইনুল হোসেন,আব্দুর রাজ্জাক,বঙ্গবন্ধু শেখ মুজিবুর রহমান,অপরাজেয় বাংলাটি উদ্বোধন করেন কে?,232,নতুন বিশ্ব
বাংলাদেশ মুক্তিযুদ্ধ ও স্বাধীনতা,বাংলাদেশ মুক্তিযুদ্ধ ও স্বাধীনতা,বাংলাদেশ মুক্তিযুদ্ধ ও স্বাধীনতা,,,শহিদ জননী জাহানারা ইমাম,বেগম খালেদা জিয়া,এম. এ. জি. ওসমানী,বঙ্গবন্ধু শেখ মুজিবুর রহমান,সাবাস বাংলাদেশ-এটি উদ্বোধন করেন কে?,238,নতুন বিশ্ব
বাংলাদেশ মুক্তিযুদ্ধ ও স্বাধীনতা,বাংলাদেশ মুক্তিযুদ্ধ ও স্বাধীনতা,বাংলাদেশ মুক্তিযুদ্ধ ও স্বাধীনতা,,,হামিদুজ্জামান খান,সৈয়দ মাইনুল হোসেন,লুই আইকন,জামি আল শফি,সংশপ্তক-এর ভাস্কর কে?,241,নতুন বিশ্ব
বাংলাদেশ মুক্তিযুদ্ধ ও স্বাধীনতা,বাংলাদেশ মুক্তিযুদ্ধ ও স্বাধীনতা,বাংলাদেশ মুক্তিযুদ্ধ ও স্বাধীনতা,,,গিমাডাঙ্গা প্রাথমিক বিদ্যালয়,টুঙ্গিপাড়া প্রাথমিক বিদ্যালয়,বাঘমারা প্রাথমিক বিদ্যালয়,কোনোটিই নয়,বঙ্গবন্ধুর সাত বছর বয়সে কোন বিদ্যালয়ে ছাত্র জীবনের সূচনা হয়?,3,নতুন বিশ্ব
বাংলাদেশ মুক্তিযুদ্ধ ও স্বাধীনতা,বাংলাদেশ মুক্তিযুদ্ধ ও স্বাধীনতা,বাংলাদেশ মুক্তিযুদ্ধ ও স্বাধীনতা,,,১৯৪৮ সালে,১৯৪০ সালে,১৯৪৩ সালে,১৯৪৫ সালে,বঙ্গবন্ধু কবে ঢাকা বিশ্ববিদ্যালয়ের আইন বিভাগে ভর্তি হন?,6,নতুন বিশ্ব
বাংলাদেশ মুক্তিযুদ্ধ ও স্বাধীনতা,বাংলাদেশ মুক্তিযুদ্ধ ও স্বাধীনতা,বাংলাদেশ মুক্তিযুদ্ধ ও স্বাধীনতা,,,গোপালগঞ্জ (১৯৫৪ সালের ১০ মার্চের নির্বাচনে),ব্রাহ্মণবাড়িয়া,রহমতগঞ্জ,আশুগঞ্জ,বঙ্গবন্ধু যুক্তফ্রন্টের প্রার্থী হিসেবে কোন এলাকা থেকে পূর্ববঙ্গ পরিষদের সদস্য নির্বাচিত হন?,12,নতুন বিশ্ব
বাংলাদেশ মুক্তিযুদ্ধ ও স্বাধীনতা,বাংলাদেশ মুক্তিযুদ্ধ ও স্বাধীনতা,বাংলাদেশ মুক্তিযুদ্ধ ও স্বাধীনতা,,,"১৮ মার্চ, ১৯৬৬","১৫ মার্চ, ১৯৬৭","১৮ জুলাই, ১৯৫২","২৬ মার্চ, ১৯৬২",আওয়ামী লীগের কাউন্সিল অধিবেশনে ছয় দফা গৃহীত হয় কবে?,20,নতুন বিশ্ব
বাংলাদেশ মুক্তিযুদ্ধ ও স্বাধীনতা,বাংলাদেশ মুক্তিযুদ্ধ ও স্বাধীনতা,বাংলাদেশ মুক্তিযুদ্ধ ও স্বাধীনতা,,,"২৬ সেপ্টেম্বর, ১৯৭৫","১১ আগস্ট, ১৯৭১","৮ অক্টোবর, ১৯৭১","২৬ ডিসেম্বর, ১৯৭৫",বঙ্গবন্ধু হত্যার আসামিদের বিচারপথকে রুদ্ধ করে ইনডেমনিটি (দায়মুক্তি) অধ্যাদেশ জারি করা হয় কবে?,40,নতুন বিশ্ব
বাংলাদেশ মুক্তিযুদ্ধ ও স্বাধীনতা,বাংলাদেশ মুক্তিযুদ্ধ ও স্বাধীনতা,বাংলাদেশ মুক্তিযুদ্ধ ও স্বাধীনতা,,,"১০ এপ্রিল, ১৯৭১","৫ জানুয়ারি, ১৯৭২","৮ ফেব্রুয়ারি,, ১৯৭১","১৬ ডিসেম্বর, ১৯৭১",বাংলাদেশ সরকার যুদ্ধ পরিচালনার জন্য কবে সমগ্র বাংলাদেশ ৪টি যুদ্ধাঞ্চলে বিভক্ত করে?,103,নতুন বিশ্ব
বাংলাদেশ মুক্তিযুদ্ধ ও স্বাধীনতা,বাংলাদেশ মুক্তিযুদ্ধ ও স্বাধীনতা,বাংলাদেশ মুক্তিযুদ্ধ ও স্বাধীনতা,,,প্রধান সেনাপতি কর্নেল এম এ জি ওসমানী,খন্দকার মোশতাক,বিচারপতি আব্দুর রউফ,কোনোটিই নয়,কে সেনাবাহিনীর সদস্যদের নিয়ে নিয়মিত ব্রিগেড গঠন করেন?,104,নতুন বিশ্ব
বাংলাদেশ মুক্তিযুদ্ধ ও স্বাধীনতা,বাংলাদেশ মুক্তিযুদ্ধ ও স্বাধীনতা,বাংলাদেশ মুক্তিযুদ্ধ ও স্বাধীনতা,,,সাড়ে তিন লাখ রুপি,এক লাখ রুপি,৫ লাখ রুপি,দেড় লাখ রুপি,১৬টি ম্যাচ থেকে কত আয় হয়?,119,নতুন বিশ্ব
বাংলাদেশ মুক্তিযুদ্ধ ও স্বাধীনতা,বাংলাদেশ মুক্তিযুদ্ধ ও স্বাধীনতা,বাংলাদেশ মুক্তিযুদ্ধ ও স্বাধীনতা,,,জর্জ হ্যারিসন,মাইকেল জ্যাকসনের,অ্যালেন ক্লেইনের,লেডি গাগার,কনসার্ট ফর বাংলাদেশ কার তত্ত্বাবধানে অনুষ্ঠিত হয়?,128,নতুন বিশ্ব
বাংলাদেশ মুক্তিযুদ্ধ ও স্বাধীনতা,বাংলাদেশ মুক্তিযুদ্ধ ও স্বাধীনতা,বাংলাদেশ মুক্তিযুদ্ধ ও স্বাধীনতা,,,"২১ নভেম্বর, ১৯৭১","২৩ জুন, ১৬৭০","১০ জুলাই, ১৯৭৩","২২ জুলাই, ১৯৭৫",যৌথ বাহিনী কবে গঠিত হয়?,141,নতুন বিশ্ব
বাংলাদেশ মুক্তিযুদ্ধ ও স্বাধীনতা,বাংলাদেশ মুক্তিযুদ্ধ ও স্বাধীনতা,বাংলাদেশ মুক্তিযুদ্ধ ও স্বাধীনতা,,,"১১ ডিসেম্বর, ১৯৭১","১৫ জুন, ১৯৭৫","১৯ মার্চ, ১৯৭৪","৮ অক্টোবর, ১৯৭০",কবে পূর্ব পাকিস্তানের গভর্নর ও মন্ত্রিপরিষদ ঢাকা ত্যাগ করে?,150,নতুন বিশ্ব
বাংলাদেশ মুক্তিযুদ্ধ ও স্বাধীনতা,বাংলাদেশ মুক্তিযুদ্ধ ও স্বাধীনতা,বাংলাদেশ মুক্তিযুদ্ধ ও স্বাধীনতা,,,"১২ মার্চ, ১৯৭২","১৮ জুলাই, ১৯৭২","২২ জুলাই, ১৯৭৭","১৫ মার্চ, ১৯৭৩",স্বাধীনতাযুদ্ধের পর বাংলাদেশ থেকে ভারতীয় সৈন্য প্রত্যাহার শুরু হয় কবে?,153,নতুন বিশ্ব
বাংলাদেশ মুক্তিযুদ্ধ ও স্বাধীনতা,বাংলাদেশ মুক্তিযুদ্ধ ও স্বাধীনতা,বাংলাদেশ মুক্তিযুদ্ধ ও স্বাধীনতা,,,ইন্দিরা গান্ধী (ভারত),সোনিয়া গান্ধী,অটল বিহারী,মনমোহনসিংহ,বাংলাদেশে প্রথম রাষ্ট্রীয় অতিথি হিসেবে বঙ্গভবনে আসেন কে?,154,নতুন বিশ্ব
বাংলাদেশ মুক্তিযুদ্ধ ও স্বাধীনতা,বাংলাদেশ মুক্তিযুদ্ধ ও স্বাধীনতা,বাংলাদেশ মুক্তিযুদ্ধ ও স্বাধীনতা,,,"মুজিবনগর, কলকাতা ও লন্ডন",দিল্লি-ঢাকা,কলকাতা-রামপুরা,লন্ডন-ঢাকা,বাংলাদেশের প্রথম ৮টি ডাকটিকিট একযোগে কোথা থেকে প্রকাশিত হয়?,164,নতুন বিশ্ব
বাংলাদেশ মুক্তিযুদ্ধ ও স্বাধীনতা,বাংলাদেশ মুক্তিযুদ্ধ ও স্বাধীনতা,বাংলাদেশ মুক্তিযুদ্ধ ও স্বাধীনতা,,,"২১ ফেব্রুয়ারি, ১৯৭২","১০ মার্চ, ১৯৭১","৭ মার্চ, ১৯৭১","১৮ অক্টোবর, ১৯৭১",স্বাধীনতার পর প্রথম স্মারক ডাকটিকিট প্রকাশিত হয় কবে?,166,নতুন বিশ্ব
বাংলাদেশ মুক্তিযুদ্ধ ও স্বাধীনতা,বাংলাদেশ মুক্তিযুদ্ধ ও স্বাধীনতা,বাংলাদেশ মুক্তিযুদ্ধ ও স্বাধীনতা,,,ভুটান,মালদ্বীপ,মিয়ানমার,ভারত,বাংলাদেশকে স্বীকৃতিদানকারী প্রথম রাষ্ট্র কোনটি?,184,নতুন বিশ্ব
বাংলাদেশ মুক্তিযুদ্ধ ও স্বাধীনতা,বাংলাদেশ মুক্তিযুদ্ধ ও স্বাধীনতা,বাংলাদেশ মুক্তিযুদ্ধ ও স্বাধীনতা,,,"নবীনগর, সাভার, ঢাকা","রামপুরা, ঢাকা","রায়ের বাজার, ঢাকা","চন্দ্রঘোনা, গাজীপুর",জাতীয় স্মৃতিসৌধের অবস্থান কোথায়?,197,নতুন বিশ্ব
বাংলাদেশ মুক্তিযুদ্ধ ও স্বাধীনতা,বাংলাদেশ মুক্তিযুদ্ধ ও স্বাধীনতা,বাংলাদেশ মুক্তিযুদ্ধ ও স্বাধীনতা,,,শেখ হাসিনা,বেগম খালেদা জিয়া,হুসেইন মুহাম্মদ এরশাদ,বঙ্গবন্ধু শেখ মুজিবুর রহমান,রায়েরবাজার বধ্যভূমি স্মৃতিসৌধ-এর দ্বিতীয় পর্যায়ে ভিত্তিপ্রস্তুর স্থাপন করেন কে?,223,নতুন বিশ্ব
বাংলাদেশ মুক্তিযুদ্ধ ও স্বাধীনতা,বাংলাদেশ মুক্তিযুদ্ধ ও স্বাধীনতা,বাংলাদেশ মুক্তিযুদ্ধ ও স্বাধীনতা,,,"১৬ ডিসেম্বর, ১৯৭৯","২৫ ডিসেম্বর, ১৯৭০","১৬ আগস্ট, ১৯৭১","২৯ জুন, ১৯৭৯",অপরাজেয় বাংলাটি উদ্বোধন করা হয় কবে?,231,নতুন বিশ্ব
বাংলাদেশ মুক্তিযুদ্ধ ও স্বাধীনতা,বাংলাদেশ মুক্তিযুদ্ধ ও স্বাধীনতা,বাংলাদেশ মুক্তিযুদ্ধ ও স্বাধীনতা,,,বঙ্গবন্ধু শেখ মুজিবুর রহমান,মাওলানা আব্দুল হামিদ খান ভাসানী,শেরে বাংলা এ. কে. ফজলুল হক,হুসাইন মোহাম্মদ এরশাদ,বাংলাদেশের স্থপতি কে?,1,নতুন বিশ্ব
বাংলাদেশ মুক্তিযুদ্ধ ও স্বাধীনতা,বাংলাদেশ মুক্তিযুদ্ধ ও স্বাধীনতা,বাংলাদেশ মুক্তিযুদ্ধ ও স্বাধীনতা,,,"১৯ নভেম্বর, ২০০৯","১২ আগস্ট, ১৯৭৩","২১ ফেব্রুয়ারি, ১৯৭০","৮ ফেব্রুয়ারি, ১৯৭১",বঙ্গবন্ধু হত্যা মামলার চূড়ান্ত রায় ঘোষণা করা হয় কবে?,46,নতুন বিশ্ব
বাংলাদেশ মুক্তিযুদ্ধ ও স্বাধীনতা,বাংলাদেশ মুক্তিযুদ্ধ ও স্বাধীনতা,বাংলাদেশ মুক্তিযুদ্ধ ও স্বাধীনতা,,,১৯৪৯ সালে; তৎকালীন চতুর্থ শ্রেণির কর্মচারীদের বেতন বাড়ানোর দাবিতে ডাকা ধর্মঘটে নেতৃত্ব দেওয়া কারণে,১৯৬৯ সালে বাতিলের নেতৃত্বের কারণে,১৯৭৫ জঙ্গি সংগঠনের নেতৃত্বের কারণে,১৯৬৪ সালে শ্রমিক লীগ হরতালের নেতৃত্বের কারণে,"বঙ্গবন্ধুকে কবে, কোন কারণে ঢাকা বিশ্ববিদ্যালয় থেকে বহিষ্কার করা হয়?",49,নতুন বিশ্ব
বাংলাদেশ মুক্তিযুদ্ধ ও স্বাধীনতা,বাংলাদেশ মুক্তিযুদ্ধ ও স্বাধীনতা,বাংলাদেশ মুক্তিযুদ্ধ ও স্বাধীনতা,,,রেসকোর্স ময়দানে,পল্টন ময়দান,মুক্ত বাংলায়,প্যারেড ময়দান,১৯৭১ সালের ৭ মার্চ বঙ্গবন্ধু কোথায় তার ঐতিহাসিক ভাষণটি দেন?,64,নতুন বিশ্ব
বাংলাদেশ মুক্তিযুদ্ধ ও স্বাধীনতা,বাংলাদেশ মুক্তিযুদ্ধ ও স্বাধীনতা,বাংলাদেশ মুক্তিযুদ্ধ ও স্বাধীনতা,,,"২৬ মার্চ, ১৯৭১","২১ ফেব্রুয়ারি, ১৯৭০","২৩ মার্চ, ১৯৭১","২৯ মার্চ, ১৯৭৩",বাংলাদেশের স্বাধীনতার ঘোষণাপত্র কার্যকর করা হয় কবে?,80,নতুন বিশ্ব
বাংলাদেশ মুক্তিযুদ্ধ ও স্বাধীনতা,বাংলাদেশ মুক্তিযুদ্ধ ও স্বাধীনতা,বাংলাদেশ মুক্তিযুদ্ধ ও স্বাধীনতা,,,১০ নং,৫ নং,৩ নং,১ নং,কোন সেক্টর সরাসরি প্রধান সেনাপতির অধীনে ছিল?,100,নতুন বিশ্ব
বাংলাদেশ মুক্তিযুদ্ধ ও স্বাধীনতা,বাংলাদেশ মুক্তিযুদ্ধ ও স্বাধীনতা,বাংলাদেশ মুক্তিযুদ্ধ ও স্বাধীনতা,,,অক্টোবর ১৯৭১,সেপ্টেম্বর ১৯৭১,আগস্ট ১৯৭১,ফেব্রুয়ারি ১৯৭৫,কে ফোর্স ব্রিগেড কবে গঠন করা হয়?,111,নতুন বিশ্ব
বাংলাদেশ মুক্তিযুদ্ধ ও স্বাধীনতা,বাংলাদেশ মুক্তিযুদ্ধ ও স্বাধীনতা,বাংলাদেশ মুক্তিযুদ্ধ ও স্বাধীনতা,,,১৬টি,১৪টি,১২টি,৮টি,স্বাধীন বাংলা ফুটবল দল ভারতের বিভিন্ন স্থানে কতটি ম্যাচে অংশগ্রহণ করে?,118,নতুন বিশ্ব
বাংলাদেশ মুক্তিযুদ্ধ ও স্বাধীনতা,বাংলাদেশ মুক্তিযুদ্ধ ও স্বাধীনতা,বাংলাদেশ মুক্তিযুদ্ধ ও স্বাধীনতা,,,"মিরপুর, ঢাকা",চট্টগ্রাম,সুনামগঞ্জ,দিনাজপুর,মুক্তিযুদ্ধের শেষ রণাঙ্গন কোনটি?,160,নতুন বিশ্ব
বাংলাদেশ মুক্তিযুদ্ধ ও স্বাধীনতা,বাংলাদেশ মুক্তিযুদ্ধ ও স্বাধীনতা,বাংলাদেশ মুক্তিযুদ্ধ ও স্বাধীনতা,,,ড. জিসি দেব,কে. জি. মুস্তাফা,ড. ইকবাল হোসেন,কোনোটিই নয়,পাকিস্তান সেনাবাহিনীর হাতে শহিদ দার্শনিকের নাম কি?,176,নতুন বিশ্ব
বাংলাদেশ মুক্তিযুদ্ধ ও স্বাধীনতা,বাংলাদেশ মুক্তিযুদ্ধ ও স্বাধীনতা,বাংলাদেশ মুক্তিযুদ্ধ ও স্বাধীনতা,,,ইউকে চিং,জং কিং,অং সিয়াং,কোনোটিই নয়,দেশের একমাত্র উপজাতি বীরবিক্রম কে?,181,নতুন বিশ্ব
বাংলাদেশ মুক্তিযুদ্ধ ও স্বাধীনতা,বাংলাদেশ মুক্তিযুদ্ধ ও স্বাধীনতা,বাংলাদেশ মুক্তিযুদ্ধ ও স্বাধীনতা,,,বঙ্গবন্ধু শেখ মুজিবুর রহমান,হুসেন মোহম্মদ এরশাদ,মেজর জিয়াউর রহমান,মাওলানা ভাসানী,জাতীয় স্মৃতিসৌধের স্থাপন করেন কে?,199,নতুন বিশ্ব
বাংলাদেশ মুক্তিযুদ্ধ ও স্বাধীনতা,বাংলাদেশ মুক্তিযুদ্ধ ও স্বাধীনতা,বাংলাদেশ মুক্তিযুদ্ধ ও স্বাধীনতা,,,"মিরপুর, ঢাকা","রামপুরা, ঢাকা","নবীনগর, সাভার","চন্দ্রঘোনা, গাজীপুর",বুদ্ধিজীবী স্মৃতিসৌধের অবস্থান কোথায়?,213,নতুন বিশ্ব
বাংলাদেশ মুক্তিযুদ্ধ ও স্বাধীনতা,বাংলাদেশ মুক্তিযুদ্ধ ও স্বাধীনতা,বাংলাদেশ মুক্তিযুদ্ধ ও স্বাধীনতা,,,রাষ্ট্রপতি হুসেইন মুহম্মদ এরশাদ,মেজর জিয়াউর রহমান,এম. এ. জি. ওসমানী,বঙ্গবন্ধু শেখ মুজিবুর রহমান,বুদ্ধিজীবী স্মৃতিসৌধটি উদ্বোধন করেন কে?,219,নতুন বিশ্ব
বাংলাদেশ মুক্তিযুদ্ধ ও স্বাধীনতা,বাংলাদেশ মুক্তিযুদ্ধ ও স্বাধীনতা,বাংলাদেশ মুক্তিযুদ্ধ ও স্বাধীনতা,,,"২৬ মার্চ, ১৯৯১","১৫ আগস্ট, ১৯৯০","২৩ জুন, ১৬৫৮","১৬ ডিসেম্বর, ১৯৯৯",স্মৃতি অম্লানটি কবে উদ্বোধন করা হয়?,245,নতুন বিশ্ব
বাংলাদেশ মুক্তিযুদ্ধ ও স্বাধীনতা,বাংলাদেশ মুক্তিযুদ্ধ ও স্বাধীনতা,বাংলাদেশ মুক্তিযুদ্ধ ও স্বাধীনতা,,,বঙ্গবন্ধু শেখ মুজিবুর রহমান,শেরে বাংলা এ. কে ফজলুল হক,মাওলানা আব্দুল হামিদ খান ভাসানী,জি. এ ওসমানী,বাংলাদেশের জাতির জনক কে?,2,নতুন বিশ্ব
বাংলাদেশ মুক্তিযুদ্ধ ও স্বাধীনতা,বাংলাদেশ মুক্তিযুদ্ধ ও স্বাধীনতা,বাংলাদেশ মুক্তিযুদ্ধ ও স্বাধীনতা,,,"১০ জানুয়ারি, ১৯৭২","৮ ফেব্রুয়ারি,, ১৯৭১","১২ আগস্ট, ১৯৭৩","২৬ ডিসেম্বর, ১৯৭৫",বঙ্গবন্ধু কবে দিল্লি হয়ে বাংলাদেশে প্রত্যাবর্তন করেন?,31,নতুন বিশ্ব
বাংলাদেশ মুক্তিযুদ্ধ ও স্বাধীনতা,বাংলাদেশ মুক্তিযুদ্ধ ও স্বাধীনতা,বাংলাদেশ মুক্তিযুদ্ধ ও স্বাধীনতা,,,"৩ মার্চ, ১৯৭১; পল্টন ময়দানে","১৯ মার্চ, ১৯৭৪, পল্টন ময়দান","২৬ ডিসেম্বর, ১৯৭৫; প্যারেড ময়দান","১৯ মার্চ, ১৯৭৫; মুক্ত বাংলায়","কবে, কোথায় স্বাধীনতার ইশতেহার পাঠ করা হয়?",65,নতুন বিশ্ব
বাংলাদেশ মুক্তিযুদ্ধ ও স্বাধীনতা,বাংলাদেশ মুক্তিযুদ্ধ ও স্বাধীনতা,বাংলাদেশ মুক্তিযুদ্ধ ও স্বাধীনতা,,,ইয়াহিয়া খানের,মোনায়েম খানের,মশাররফ হোসেনের,মেজর জেনারেল জামশেদের,"‘এ দেশের মানুষ চাই না, মাটি চাই’- এটি কার উক্তি?",68,নতুন বিশ্ব
বাংলাদেশ মুক্তিযুদ্ধ ও স্বাধীনতা,বাংলাদেশ মুক্তিযুদ্ধ ও স্বাধীনতা,বাংলাদেশ মুক্তিযুদ্ধ ও স্বাধীনতা,,,"১০ এপ্রিল, ১৯৭১","৫ জানুয়ারি, ১৯৭২","৭ মার্চ, ১৯৭১","১৮ অক্টোবর, ১৯৭১",বাংলাদেশের প্রথম সরকার গঠিত হয়েছিল কবে?,84,নতুন বিশ্ব
বাংলাদেশ মুক্তিযুদ্ধ ও স্বাধীনতা,বাংলাদেশ মুক্তিযুদ্ধ ও স্বাধীনতা,বাংলাদেশ মুক্তিযুদ্ধ ও স্বাধীনতা,,,"ময়মনসিংহ, জামালপুর, শেরপুর ও রৌমারী এলাকায়",চট্টগ্রাম,বরিশাল,ঢাকা,’৭১ পর্যন্ত জেড ফোর্স কোথায় যুদ্ধ করে?,109,নতুন বিশ্ব
বাংলাদেশ মুক্তিযুদ্ধ ও স্বাধীনতা,বাংলাদেশ মুক্তিযুদ্ধ ও স্বাধীনতা,বাংলাদেশ মুক্তিযুদ্ধ ও স্বাধীনতা,,,"বাংলাদেশের স্বাধীনতা যুদ্ধে পাকিস্তানকে সহায়তা করার জন্য; ৯ ডিসেম্বর, ১৯৭১","বাংলাদেশকে সহায়তা করতে ১৩ আগস্ট, ১৯৭২","ভারতকে সহায়তা করতে ১ জানুয়ারি, ১৯৭১",কোনোটিই নয়,"স্বাধীনতাযুদ্ধকালে ভিয়েতনামের টংকিং উপসাগরে অবস্থানরত মার্কিন সপ্তম নৌবহর কেন, কবে বঙ্গোপসাগরের উদ্দেশ্যে যাত্রা শুরু করে?",126,নতুন বিশ্ব
বাংলাদেশ মুক্তিযুদ্ধ ও স্বাধীনতা,বাংলাদেশ মুক্তিযুদ্ধ ও স্বাধীনতা,বাংলাদেশ মুক্তিযুদ্ধ ও স্বাধীনতা,,,চট্টগ্রামের কালুরঘাট বেতারকেন্দ্র,পটুয়াখালী কুয়াকাটা বেতারকেন্দ্র,ঢাকা রামপুরা বেতারকেন্দ্র,আগারগাঁও বেতারকেন্দ্র,স্বাধীন বাংলা বেতারকেন্দ্র প্রাথমিকভাবে যাত্রা শুরু করে কোথা থেকে?,132,নতুন বিশ্ব
বাংলাদেশ মুক্তিযুদ্ধ ও স্বাধীনতা,বাংলাদেশ মুক্তিযুদ্ধ ও স্বাধীনতা,বাংলাদেশ মুক্তিযুদ্ধ ও স্বাধীনতা,,,"২৬ মার্চ, ১৯৭১","১৮ জুলাই, ১৯৭২","২২ জুলাই, ১৯৭৭","১৫ মার্চ, ১৯৭১",কালুরঘাট বেতারকেন্দ্র থেকে কবে বাংলাদেশের স্বাধীনতা ঘোষণা করা হয়?,139,নতুন বিশ্ব
বাংলাদেশ মুক্তিযুদ্ধ ও স্বাধীনতা,বাংলাদেশ মুক্তিযুদ্ধ ও স্বাধীনতা,বাংলাদেশ মুক্তিযুদ্ধ ও স্বাধীনতা,,,লে. জেনারেল জগজিৎ সিং অরোরা,এম. এ. জি ওসমানী,কর্নেল কামরুল হাসান,কোনোটিই নয়,ইস্টার্ন কমান্ডের অধিনায়ক কে ছিলেন?,143,নতুন বিশ্ব
বাংলাদেশ মুক্তিযুদ্ধ ও স্বাধীনতা,বাংলাদেশ মুক্তিযুদ্ধ ও স্বাধীনতা,বাংলাদেশ মুক্তিযুদ্ধ ও স্বাধীনতা,,,১৯৭৩ সালে,১৯৭২ সালে,১৯৭৭ সালে,১৯৭০ সালে,স্বাধীনতা সাংগ্রামের বীর মুক্তিযোদ্ধাদের স্মৃতিস্বরূপ কত সালে ডাকটিকিট প্রকাশ করা হয়েছিল?,170,নতুন বিশ্ব
বাংলাদেশ মুক্তিযুদ্ধ ও স্বাধীনতা,বাংলাদেশ মুক্তিযুদ্ধ ও স্বাধীনতা,বাংলাদেশ মুক্তিযুদ্ধ ও স্বাধীনতা,,,"১৬ ডিসেম্বর, ১৯৮২","১৬ মার্চ, ১৯৭১","১২ ফেব্রুয়ারি, ১৯৭০","১৬ ডিসেম্বর, ১৯৭২",জাতীয় স্মৃতিসৌধ উদ্ভোধন করা হয় কবে?,200,নতুন বিশ্ব
বাংলাদেশ মুক্তিযুদ্ধ ও স্বাধীনতা,বাংলাদেশ মুক্তিযুদ্ধ ও স্বাধীনতা,বাংলাদেশ মুক্তিযুদ্ধ ও স্বাধীনতা,,,সাভার জাতীয় স্মৃতিসৌধ,জাতীয় শহিদ মিনার,অপরাজেয় বাংলা ভাস্কর্য,কোনোটিই নয়,কোন স্থাপত্যটি ‘সম্মিলিত প্রয়াস’ নামে পরিচিত?,207,নতুন বিশ্ব
বাংলাদেশ মুক্তিযুদ্ধ ও স্বাধীনতা,বাংলাদেশ মুক্তিযুদ্ধ ও স্বাধীনতা,বাংলাদেশ মুক্তিযুদ্ধ ও স্বাধীনতা,,,রাষ্ট্রপতি হুসেইন মুহম্মদ এরশাদ,বঙ্গবন্ধু শেখ মুজিবুর রহমান,মেজর জিয়াউর রহমান,এম. এ. জি. ওসমানী,মুজিবনগর স্মৃতিসৌধের কমপ্লেক্স উদ্বোধন করেন কে?,211,নতুন বিশ্ব
বাংলাদেশ মুক্তিযুদ্ধ ও স্বাধীনতা,বাংলাদেশ মুক্তিযুদ্ধ ও স্বাধীনতা,বাংলাদেশ মুক্তিযুদ্ধ ও স্বাধীনতা,,,ধানমন্ডি আবাহনী মাঠের পশ্চিমে রায়ের বাজার সংলগ্ন ইটখোলায়,ধানমন্ডি কলাবাগানে,"নবিনগর, সাভার","রামপুরা, ঢাকা",রায়েরবাজার বধ্যভূমি স্মৃতিসৌধের অবস্থান কোথায়?,220,নতুন বিশ্ব
বাংলাদেশ মুক্তিযুদ্ধ ও স্বাধীনতা,বাংলাদেশ মুক্তিযুদ্ধ ও স্বাধীনতা,বাংলাদেশ মুক্তিযুদ্ধ ও স্বাধীনতা,,,শামীম শিকদার,সৈয়দ মাইনুল হোসেন,মোস্তফা হারুন কুদ্দুস হিলি,আব্দুর রাজ্জাক,‘স্বোপার্জিত স্বাধীনতা’-এর স্থপিত কে?,235,নতুন বিশ্ব
বাংলাদেশ মুক্তিযুদ্ধ ও স্বাধীনতা,বাংলাদেশ মুক্তিযুদ্ধ ও স্বাধীনতা,বাংলাদেশ মুক্তিযুদ্ধ ও স্বাধীনতা,,,"৭ অক্টোবর, ১৯৫৮ (পুনরুজ্জীবন ২৫ জানুয়ারি, ১৯৬৪)","১০ জুলাই, ১৯৫৩","৭ জুন, ১৯৫৫","১২ আগস্ট, ১৯৫৩",সামরিক শাসন জারি করে আওয়ামী লীগ নিষিদ্ধ ঘোষণা করা হয় কবে?,16,নতুন বিশ্ব
বাংলাদেশ মুক্তিযুদ্ধ ও স্বাধীনতা,বাংলাদেশ মুক্তিযুদ্ধ ও স্বাধীনতা,বাংলাদেশ মুক্তিযুদ্ধ ও স্বাধীনতা,,,"১৪ ডিসেম্বর, ১৯৭২","১২ জুন, ১৯৬২","১২ মার্চ, ১৯৬২","৫ ফেব্রুয়ারি, ১৯৬৪",বঙ্গবন্ধু কবে বাংলাদেশের প্রথম সংবিধানে স্বাক্ষর করেন?,34,নতুন বিশ্ব
বাংলাদেশ মুক্তিযুদ্ধ ও স্বাধীনতা,বাংলাদেশ মুক্তিযুদ্ধ ও স্বাধীনতা,বাংলাদেশ মুক্তিযুদ্ধ ও স্বাধীনতা,,,"১২ নভেম্বর, ১৯৯৬","১৫ জুন, ১৯৭৫","১৬ ডিসেম্বর, ১৯৬৯","২০ আগস্ট, ১৯৮৫",জাতীয় সংসদে ইনডেমনিটি অধ্যাদেশ বাতিল বিল পাস হয় কবে?,41,নতুন বিশ্ব
বাংলাদেশ মুক্তিযুদ্ধ ও স্বাধীনতা,বাংলাদেশ মুক্তিযুদ্ধ ও স্বাধীনতা,বাংলাদেশ মুক্তিযুদ্ধ ও স্বাধীনতা,,,"৭ মার্চ, ১৯৭১","২১ মার্চ, ১৯৭০",২৩ মার্চ ১৬৫৮,"১৬ ডিসেম্বর, ১৯৭১",বঙ্গবন্ধু ঐতিহাসিক ভাষণ দেন কবে?,54,নতুন বিশ্ব
বাংলাদেশ মুক্তিযুদ্ধ ও স্বাধীনতা,বাংলাদেশ মুক্তিযুদ্ধ ও স্বাধীনতা,বাংলাদেশ মুক্তিযুদ্ধ ও স্বাধীনতা,,,চট্টগ্রাম বিশ্ববিদ্যালয়,কুমিল্লা বিশ্ববিদ্যালয়,ঢাকা বিশ্ববিদ্যালয়,জাহাঙ্গীরনগর বিশ্ববিদ্যালয়,কোন বিশ্ববিদ্যালয়ে প্রথম বঙ্গবন্ধুর আত্মজীবনী পাঠ্যসূচিতে অন্তর্ভুক্ত করা হয়?,60,নতুন বিশ্ব
বাংলাদেশ মুক্তিযুদ্ধ ও স্বাধীনতা,বাংলাদেশ মুক্তিযুদ্ধ ও স্বাধীনতা,বাংলাদেশ মুক্তিযুদ্ধ ও স্বাধীনতা,,,৯৩ হাজার,৩০ হাজার,৫৪ হাজার,৭২ হাজার,কতজন পাকিস্তানি সৈন্য যৌথ বাহিনীর কাছে আত্মসমর্পণ করে?,67,নতুন বিশ্ব
বাংলাদেশ মুক্তিযুদ্ধ ও স্বাধীনতা,বাংলাদেশ মুক্তিযুদ্ধ ও স্বাধীনতা,বাংলাদেশ মুক্তিযুদ্ধ ও স্বাধীনতা,,,অধ্যাপক এম ইফসুফ আলী,অধ্যাপক কামরুজ্জামান,আব্দুর রব,খন্দকার মোশতাক,স্বাধীনতার ঘোষণাপত্র পাঠ করেন কে?,87,নতুন বিশ্ব
বাংলাদেশ মুক্তিযুদ্ধ ও স্বাধীনতা,বাংলাদেশ মুক্তিযুদ্ধ ও স্বাধীনতা,বাংলাদেশ মুক্তিযুদ্ধ ও স্বাধীনতা,,,২ ও ৩ নং,৩ ও ৪ নং,৬ ও ৭ নং,১০ ও ১১ নং,ঢাকা জেলা কোন সেক্টরের অধীনে ছিল?,96,নতুন বিশ্ব
বাংলাদেশ মুক্তিযুদ্ধ ও স্বাধীনতা,বাংলাদেশ মুক্তিযুদ্ধ ও স্বাধীনতা,বাংলাদেশ মুক্তিযুদ্ধ ও স্বাধীনতা,,,৮ নং,৬ নং,৫ নং,৯ নং,মুজিবনগর কোন সেক্টরের অধীন ছিল,101,নতুন বিশ্ব
বাংলাদেশ মুক্তিযুদ্ধ ও স্বাধীনতা,বাংলাদেশ মুক্তিযুদ্ধ ও স্বাধীনতা,বাংলাদেশ মুক্তিযুদ্ধ ও স্বাধীনতা,,,জর্জ হ্যারিসন ও প-িত রবিশঙ্কর,লেডি গাগা,মাইকেল জ্যাকসন,এন্ড্রুকিশোর,কনসার্ট ফর বাংলাদেশ-এর উদ্যোক্তা কে ছিলেন?,130,নতুন বিশ্ব
বাংলাদেশ মুক্তিযুদ্ধ ও স্বাধীনতা,বাংলাদেশ মুক্তিযুদ্ধ ও স্বাধীনতা,বাংলাদেশ মুক্তিযুদ্ধ ও স্বাধীনতা,,,"২৫ মে, ১৯৭১; ভারতের কলকাতায়","২৩ জুন, ১৬৭৮; ভারতের দিল্লিতে","১০ জুলাই, ১৯৭০;  ঢাকার রামপুরায়","২২ জুলাই, ১৯৭২; ভারতের উড়িষ্যায়","কালুরঘাট বেতারকেন্দ্র কবে, কোথায় স্থানান্তর করা হয়?",137,নতুন বিশ্ব
বাংলাদেশ মুক্তিযুদ্ধ ও স্বাধীনতা,বাংলাদেশ মুক্তিযুদ্ধ ও স্বাধীনতা,বাংলাদেশ মুক্তিযুদ্ধ ও স্বাধীনতা,,,জেনারেল জগজিৎ সিং অরোরা,বীরশ্রেষ্ঠ মতিউর রহমান,এম এ জি ওসমানী,কোনোটিই নয়,ভারত-বাংলাদেশ যৌথ কমান্ডের সেনাধ্যক্ষ কে ছিলেন?,146,নতুন বিশ্ব
বাংলাদেশ মুক্তিযুদ্ধ ও স্বাধীনতা,বাংলাদেশ মুক্তিযুদ্ধ ও স্বাধীনতা,বাংলাদেশ মুক্তিযুদ্ধ ও স্বাধীনতা,,,মার্কিন দূতাবাস,ব্রিটিশ দূতাবাস,চীন দূতাবাস,ভারতীয় দূতাবাস,নিয়াজী কোন দূতাবাসের সাথে আত্মসমর্পণের জন্য আলোচনা করে?,157,নতুন বিশ্ব
বাংলাদেশ মুক্তিযুদ্ধ ও স্বাধীনতা,বাংলাদেশ মুক্তিযুদ্ধ ও স্বাধীনতা,বাংলাদেশ মুক্তিযুদ্ধ ও স্বাধীনতা,,,কেন্দ্রীয় শহিদ মিনারের,জাতীয় স্মৃতি সৌধের,জাতীয় ফুল শাপলার,কোনোটিই নয়,স্বাধীনতার পর প্রকাশিত প্রথম স্মারক ডাকটিকিটে কিসের ছবি ছিল?,169,নতুন বিশ্ব
বাংলাদেশ মুক্তিযুদ্ধ ও স্বাধীনতা,বাংলাদেশ মুক্তিযুদ্ধ ও স্বাধীনতা,বাংলাদেশ মুক্তিযুদ্ধ ও স্বাধীনতা,,,২৩টি,২৫টি,২৯টি,১৬টি,মুজিবনগর স্মৃতিসৌধের কমপ্লেক্স-এর কতটি স্তম্ভ রয়েছে?,212,নতুন বিশ্ব
বাংলাদেশ মুক্তিযুদ্ধ ও স্বাধীনতা,বাংলাদেশ মুক্তিযুদ্ধ ও স্বাধীনতা,বাংলাদেশ মুক্তিযুদ্ধ ও স্বাধীনতা,,,"জয়দেবপুর চৌরাস্তার সড়কদ্বীপে, গাজীপুর","নবিনগর, সাভার","চন্দ্রঘোনা, গাজীপুর","রায়েরবাজার, ঢাকা",জাগ্রত চৌরঙ্গীর অবস্থান কোথায়?,225,নতুন বিশ্ব
বাংলাদেশ মুক্তিযুদ্ধ ও স্বাধীনতা,বাংলাদেশ মুক্তিযুদ্ধ ও স্বাধীনতা,বাংলাদেশ মুক্তিযুদ্ধ ও স্বাধীনতা,,,ঢাকা বিশ্ববিদ্যালয়ের টিএসসি চত্বরে,জাহাঙ্গীরনগর বিশ্ববিদ্যালয়ের কেন্দ্রীয় গ্রন্থাগারের সামনে,রাজশাহী বিশ্ববিদ্যালয়ের সবুজ চত্বরে,শাহাবাগ মোড়ে,‘স্বোপার্জিত স্বাধীনতা’ এটি কোথায় অবস্থিত?,236,নতুন বিশ্ব
বাংলাদেশ মুক্তিযুদ্ধ ও স্বাধীনতা,বাংলাদেশ মুক্তিযুদ্ধ ও স্বাধীনতা,বাংলাদেশ মুক্তিযুদ্ধ ও স্বাধীনতা,,,নিতুন কুণ্ডু,জামি আল শফি,আব্দুর রাজ্জাক,ফরিদউদ্দীন আহমেদ,সাবাস বাংলাদেশ-এর ভাস্কর কে?,239,নতুন বিশ্ব
বাংলাদেশ মুক্তিযুদ্ধ ও স্বাধীনতা,বাংলাদেশ মুক্তিযুদ্ধ ও স্বাধীনতা,বাংলাদেশ মুক্তিযুদ্ধ ও স্বাধীনতা,,,"২১ অক্টোবর, ১৯৫৫ (একই সময়ে ধর্ম নিরপেক্ষতাকে আদর্শ হিসেবে গ্রহণ করে)।","২২ আগস্ট, ১৯৫৪","২৫ জুন, ১৯৫২","২১ জুলাই, ১৯৫৫",কবে আওয়ামী মুসলিম লীগ থেকে মুসলিম শব্দটি প্রত্যাহার করে আওয়ামী লীগ নামকরণ করা হয়?,14,নতুন বিশ্ব
বাংলাদেশ মুক্তিযুদ্ধ ও স্বাধীনতা,বাংলাদেশ মুক্তিযুদ্ধ ও স্বাধীনতা,বাংলাদেশ মুক্তিযুদ্ধ ও স্বাধীনতা,,,"১১ মার্চ, ১৯৬৪ (বঙ্গবন্ধুর নেতৃত্বে)","১২ মার্চ, ১৯৬২","২৫ আগস্ট, ১৯৬৩","২৬ মার্চ, ১৯৬২",সর্বদলীয় সংগ্রাম পরিষদ গঠিত হয় কবে?,17,নতুন বিশ্ব
বাংলাদেশ মুক্তিযুদ্ধ ও স্বাধীনতা,বাংলাদেশ মুক্তিযুদ্ধ ও স্বাধীনতা,বাংলাদেশ মুক্তিযুদ্ধ ও স্বাধীনতা,,,"২৫ সেপ্টেম্বর, ১৯৭৪","১৮ জুলাই, ১৯৫২","২২ জুলাই, ১৯৪৭","১৫ মার্চ, ১৯৬৭",বঙ্গবন্ধু কবে প্রথম বাংলাদেশি হিসেবে জাতিসংঘের সাধারণ পরিষদে বাংলায় ভাষণ দেন?,35,নতুন বিশ্ব
বাংলাদেশ মুক্তিযুদ্ধ ও স্বাধীনতা,বাংলাদেশ মুক্তিযুদ্ধ ও স্বাধীনতা,বাংলাদেশ মুক্তিযুদ্ধ ও স্বাধীনতা,,,এম এ হান্নান,কামরুজ্জামান,এম. এ. জি. ওসমানী,খন্দকার মোশতাক,বঙ্গবন্ধুর ‘স্বাধানতা ঘোষণা’ ২৬ মার্চ চট্টগ্রাম বেতার কেন্দ্র থেকে কে প্রথম প্রচার করেন?,79,নতুন বিশ্ব
বাংলাদেশ মুক্তিযুদ্ধ ও স্বাধীনতা,বাংলাদেশ মুক্তিযুদ্ধ ও স্বাধীনতা,বাংলাদেশ মুক্তিযুদ্ধ ও স্বাধীনতা,,,ব্যারিস্টার এম. আমীর-উল ইসলাম,ব্যারিস্টার এম এ হান্নান,বিচারপতি আব্দুর রব,এম. এ. জি ওসমানী,স্বাধীনতার ঘোষণাপত্রের রচয়িতা কে?,88,নতুন বিশ্ব
বাংলাদেশ মুক্তিযুদ্ধ ও স্বাধীনতা,বাংলাদেশ মুক্তিযুদ্ধ ও স্বাধীনতা,বাংলাদেশ মুক্তিযুদ্ধ ও স্বাধীনতা,,,লে. কর্নেল জিয়াউর রহমান,হুসেন মোহাম্মদ এরশাদ,এম এ জি ওসমানী,কোনোটিই নয়,কার নামানুসারে জেড ফোর্স ব্রিগেড গঠন করা হয়?,107,নতুন বিশ্ব
বাংলাদেশ মুক্তিযুদ্ধ ও স্বাধীনতা,বাংলাদেশ মুক্তিযুদ্ধ ও স্বাধীনতা,বাংলাদেশ মুক্তিযুদ্ধ ও স্বাধীনতা,,,লে. কর্নেল কে এম সফিউল্লাহ,বীরশ্রেষ্ঠ মতিউর রহমান,কাজী নজরুল ইসলাম,কোনোটিই নয়,এস ফোর্স কার নামানুসারে গঠন করা হয়?,112,নতুন বিশ্ব
বাংলাদেশ মুক্তিযুদ্ধ ও স্বাধীনতা,বাংলাদেশ মুক্তিযুদ্ধ ও স্বাধীনতা,বাংলাদেশ মুক্তিযুদ্ধ ও স্বাধীনতা,,,৪টি,২টি,৩টি,৫টি,সমগ্র বাংলাদেশকে কতটি রাজনৈতিক যুদ্ধ অঞ্চলে বিভক্ত করা হয়?,114,নতুন বিশ্ব
বাংলাদেশ মুক্তিযুদ্ধ ও স্বাধীনতা,বাংলাদেশ মুক্তিযুদ্ধ ও স্বাধীনতা,বাংলাদেশ মুক্তিযুদ্ধ ও স্বাধীনতা,,,1971,1978,1975,1970,স্বাধীন বাংলা ফুটবল দল কবে গঠিত হয়?,115,নতুন বিশ্ব
বাংলাদেশ মুক্তিযুদ্ধ ও স্বাধীনতা,বাংলাদেশ মুক্তিযুদ্ধ ও স্বাধীনতা,বাংলাদেশ মুক্তিযুদ্ধ ও স্বাধীনতা,,,বাংলাদেশের স্বাধীনতা যুদ্ধে বিশ^ব্যাপী জনমত গড়ে তুলতে,শারীরিক সচেতনতা গড়ে তুলতে,খেলাধুলায় মনোযোগী হতে,কোনোটিই নয়,স্বাধীন বাংলা ফুটবল দলের জন্ম হয় কেন?,116,নতুন বিশ্ব
বাংলাদেশ মুক্তিযুদ্ধ ও স্বাধীনতা,বাংলাদেশ মুক্তিযুদ্ধ ও স্বাধীনতা,বাংলাদেশ মুক্তিযুদ্ধ ও স্বাধীনতা,,,"চরমপত্র, রণাঙ্গন কথিকা, রক্ত স্বাক্ষর, মুক্তিবাহিনীর জন্য প্রচারিত অগ্নিশিক্ষা, দেশাত্মবোধক গান",ফুল কুঁড়ি,রণ কবিতা আবৃত্তি,মুক্তিযুদ্ধবিষয়ক গান,স্বাধীন বাংলা বেতারকেন্দ্রের প্রচারিত অনুষ্ঠান কি কি?,134,নতুন বিশ্ব
বাংলাদেশ মুক্তিযুদ্ধ ও স্বাধীনতা,বাংলাদেশ মুক্তিযুদ্ধ ও স্বাধীনতা,বাংলাদেশ মুক্তিযুদ্ধ ও স্বাধীনতা,,,জেনারেল আমির আব্দুল্লাহ খান নিয়াজী,মোহাম্মদ আলী জিন্নাহ,মশাররফ হোসেন,ইয়াহিয়া খান,পাকিস্তানি পক্ষের নেতৃত্বে কে ছিলেন?,147,নতুন বিশ্ব
বাংলাদেশ মুক্তিযুদ্ধ ও স্বাধীনতা,বাংলাদেশ মুক্তিযুদ্ধ ও স্বাধীনতা,বাংলাদেশ মুক্তিযুদ্ধ ও স্বাধীনতা,,,"৫ ডিসেম্বর, ১৯৭১","২৩ জুন, ১৬৭০","১০ জুলাই, ১৯৭৩","২২ জুলাই, ১৯৭১",কবে নিয়াজী পাকবাহিনীকে ঢাকার কাছাকাছি পুলব্যাক করতে নির্দেশ দেয়?,151,নতুন বিশ্ব
বাংলাদেশ মুক্তিযুদ্ধ ও স্বাধীনতা,বাংলাদেশ মুক্তিযুদ্ধ ও স্বাধীনতা,বাংলাদেশ মুক্তিযুদ্ধ ও স্বাধীনতা,,,বিমান মল্লিক,কামরুল হাসান,রতন কুমার,কোনোটিই নয়,বাংলাদেশের প্রথম (মুজিবনগর সরকার) ডাকটিকিট-এর ডিজাইনার কে ছিলেন?,162,নতুন বিশ্ব
বাংলাদেশ মুক্তিযুদ্ধ ও স্বাধীনতা,বাংলাদেশ মুক্তিযুদ্ধ ও স্বাধীনতা,বাংলাদেশ মুক্তিযুদ্ধ ও স্বাধীনতা,,,বিপি চিতনিশ,বিমান মল্লিক,কামরুল হাসান,কোনোটিই নয়,স্বাধীনতার পর প্রথম স্মারক ডাকটিকিটের ডিজাইনার কে ছিলেন?,167,নতুন বিশ্ব
বাংলাদেশ মুক্তিযুদ্ধ ও স্বাধীনতা,বাংলাদেশ মুক্তিযুদ্ধ ও স্বাধীনতা,বাংলাদেশ মুক্তিযুদ্ধ ও স্বাধীনতা,,,"১৬ ডিসেম্বর, ১৯৭২","১২ ফেব্রুয়ারি, ১৯৭০","১৬ মার্চ, ১৯৭১","২১ ফেব্রুয়ারি, ১৯৭২",জাতীয় স্মৃতিসৌধের ভিত্তিপ্রস্তর স্থাপন করা হয় কবে?,198,নতুন বিশ্ব
বাংলাদেশ মুক্তিযুদ্ধ ও স্বাধীনতা,বাংলাদেশ মুক্তিযুদ্ধ ও স্বাধীনতা,বাংলাদেশ মুক্তিযুদ্ধ ও স্বাধীনতা,,,"১৪ ডিসেম্বর, ১৯৮৬","২৭ জুন, ১৯৭০","২১ ফেব্রুয়ারি, ১৯৭২","১৬ ডিসেম্বর, ১৯৬৯",বুদ্ধিজীবী স্মৃতিসৌধ উদ্বোধন করা হয় কবে?,218,নতুন বিশ্ব
বাংলাদেশ মুক্তিযুদ্ধ ও স্বাধীনতা,বাংলাদেশ মুক্তিযুদ্ধ ও স্বাধীনতা,বাংলাদেশ মুক্তিযুদ্ধ ও স্বাধীনতা,,,"৮ অক্টোবর, ১৯৭০","৮ অক্টোবর, ১৯৭১","১৩ আগস্ট, ১৯৭২","১৫ জুন, ১৯৭০",পূর্ব পাকিস্তানের প্রাদেশিক পরিষদ নির্বাচনে আওয়ামী লীগকে কবে নৌকা প্রতীক বরাদ্দ করা হয়?,23,নতুন বিশ্ব
বাংলাদেশ মুক্তিযুদ্ধ ও স্বাধীনতা,বাংলাদেশ মুক্তিযুদ্ধ ও স্বাধীনতা,বাংলাদেশ মুক্তিযুদ্ধ ও স্বাধীনতা,,,"৮ জানুয়ারি, ১৯৭২","২১ ফেব্রুয়ারি, ১৯৭০","২৬ ডিসেম্বর, ১৯৭৫","৮ অক্টোবর, ১৯৭০",পাকিস্তান সরকার কবে তাকে মুক্তি দেয়?,29,নতুন বিশ্ব
বাংলাদেশ মুক্তিযুদ্ধ ও স্বাধীনতা,বাংলাদেশ মুক্তিযুদ্ধ ও স্বাধীনতা,বাংলাদেশ মুক্তিযুদ্ধ ও স্বাধীনতা,,,"৬ ফেব্রুয়ারি, ১৯৭২","১৫ জুন, ১৯৭৫","১৯ মার্চ, ১৯৭৪","৮ অক্টোবর, ১৯৭০",বঙ্গবন্ধু কবে ভারত সরকারের আমন্ত্রণে ভারত সফর করেন?,32,নতুন বিশ্ব
বাংলাদেশ মুক্তিযুদ্ধ ও স্বাধীনতা,বাংলাদেশ মুক্তিযুদ্ধ ও স্বাধীনতা,বাংলাদেশ মুক্তিযুদ্ধ ও স্বাধীনতা,,,২৯তম,২২তম,২১তম,১৭তম,জাতিসংঘের সাধারণ পরিষদের কততম অধিবেশনে বঙ্গবন্ধু শেখ মুজিব বাংলায় ভাষণ দেন?,36,নতুন বিশ্ব
বাংলাদেশ মুক্তিযুদ্ধ ও স্বাধীনতা,বাংলাদেশ মুক্তিযুদ্ধ ও স্বাধীনতা,বাংলাদেশ মুক্তিযুদ্ধ ও স্বাধীনতা,,,"১৪ আগস্ট, ২০১০","২০ আগস্ট, ১৯৮৫","১২ জুন, ১৯৬২","১ জানুয়ারি, ১৯৬০",বঙ্গবন্ধুর ঢাকা বিশ্ববিদ্যালয়ের ছাত্রত্ব বাতিলের নির্দেশ প্রত্যাহার করা হয় কবে?,51,নতুন বিশ্ব
বাংলাদেশ মুক্তিযুদ্ধ ও স্বাধীনতা,বাংলাদেশ মুক্তিযুদ্ধ ও স্বাধীনতা,বাংলাদেশ মুক্তিযুদ্ধ ও স্বাধীনতা,,,ইস্ট বেঙ্গল রেজিমেন্ট,পুলিশ বাহিনী,নৌবাহিনী,বিমানবাহিনী,মুক্তিযুদ্ধে প্রথম কারা সশস্ত্র প্রতিরোধ গড়ে তোলে?,86,নতুন বিশ্ব
বাংলাদেশ মুক্তিযুদ্ধ ও স্বাধীনতা,বাংলাদেশ মুক্তিযুদ্ধ ও স্বাধীনতা,বাংলাদেশ মুক্তিযুদ্ধ ও স্বাধীনতা,,,আগরতলা (ভারত),চট্টগ্রাম কালুরঘাট,রামপুরা বেতারকেন্দ্র,আগারগাঁও বেতারকেন্দ্র,১৯৭১ সালের ৩০ মার্চের পর স্বাধীন বাংলা বেতার কোথা থেকে সম্প্রচার শুরু করে?,135,নতুন বিশ্ব
বাংলাদেশ মুক্তিযুদ্ধ ও স্বাধীনতা,বাংলাদেশ মুক্তিযুদ্ধ ও স্বাধীনতা,বাংলাদেশ মুক্তিযুদ্ধ ও স্বাধীনতা,,,মুক্তিবাহিনী ও ভারতীয় সশস্ত্র বাহিনীর সমন্বয়ে,মুক্তিবাহিনী ও গেরিলা বাহিনী নিয়ে,মুক্তিযোদ্ধা ও সামরিক বাহিনী নিয়ে,কোনোটিই নয়,যৌথ বাহিনী কাদের নিয়ে গঠিত হয়?,140,নতুন বিশ্ব
বাংলাদেশ মুক্তিযুদ্ধ ও স্বাধীনতা,বাংলাদেশ মুক্তিযুদ্ধ ও স্বাধীনতা,বাংলাদেশ মুক্তিযুদ্ধ ও স্বাধীনতা,,,ঢাকা বিশ্ববিদ্যালয়,জাহাঙ্গীরনগর বিশ্ববিদ্যালয়,চট্টগ্রাম বিশ্ববিদ্যালয়,খুলনা বিশ্ববিদ্যালয়,বাংলাদেশের কোন বিশ্ববিদ্যালয়ে প্রথম মুক্তিযুদ্ধভিত্তিক ভাস্কর্য নির্মাণ করা হয়?,195,নতুন বিশ্ব
বাংলাদেশ মুক্তিযুদ্ধ ও স্বাধীনতা,বাংলাদেশ মুক্তিযুদ্ধ ও স্বাধীনতা,বাংলাদেশ মুক্তিযুদ্ধ ও স্বাধীনতা,,,"২২ ডিসেম্বর, ১৯৭২","১৬ ডিসেম্বর, ১৯৬৯","১০ জুন, ১৯৭০","২১ ফেব্রুয়ারি, ১৯৭২",বুদ্ধিজীবী ভিত্তিপ্রস্তর স্থাপন করা হয় কবে?,214,নতুন বিশ্ব
বাংলাদেশ মুক্তিযুদ্ধ ও স্বাধীনতা,বাংলাদেশ মুক্তিযুদ্ধ ও স্বাধীনতা,বাংলাদেশ মুক্তিযুদ্ধ ও স্বাধীনতা,,,গ্রামের লোক মুক্তিযুদ্ধে বেশি অংশগ্রহণ করেছে,গ্রামের নারীরা মুক্তিযুদ্ধে বেশি অংশগ্রহণ করেছে,গ্রামের দরিদ্র তরুণেরা মুক্তিযুদ্ধে বেশি অংশগ্রহণ করেছে,কোনোটিই নয়,"অপরাজেয় বাংলার দুই তরুণ এবং এক তরুণীর মধ্যে গ্রাম্য তরুণের উচ্চতা একটু বেশি, তা দিয়ে কি বোঝানো হয়?",234,নতুন বিশ্ব
বাংলাদেশ মুক্তিযুদ্ধ ও স্বাধীনতা,বাংলাদেশ মুক্তিযুদ্ধ ও স্বাধীনতা,বাংলাদেশ মুক্তিযুদ্ধ ও স্বাধীনতা,,,মর্তুজা বশীর,মোস্তফা হারুন কুদ্দুস হিলি,হামিদুজ্জামান খান,নিতুন কুণ্ডু,স্মারক ভাস্কর্যের স্থপতি কে?,243,নতুন বিশ্ব
বাংলাদেশ মুক্তিযুদ্ধ ও স্বাধীনতা,বাংলাদেশ মুক্তিযুদ্ধ ও স্বাধীনতা,বাংলাদেশ মুক্তিযুদ্ধ ও স্বাধীনতা,,,"৩ জানুয়ারি, ১৯৬৮ (আসামি ছিল ৩৫ জন)","১ জানুয়ারি, ১৯৬০","২০ জুন, ১৯৬২","২৭ আগস্ট, ১৯৬৪",বঙ্গবন্ধুকে ১ নম্বর আসামি করে কবে আগরতলা ষড়যন্ত্র মামলা করা হয়?,21,নতুন বিশ্ব
বাংলাদেশ মুক্তিযুদ্ধ ও স্বাধীনতা,বাংলাদেশ মুক্তিযুদ্ধ ও স্বাধীনতা,বাংলাদেশ মুক্তিযুদ্ধ ও স্বাধীনতা,,,"৫ ডিসেম্বর, ১৯৬৯","১৬ ডিসেম্বর, ১৯৬৯","২১ ফেব্রুয়ারি, ১৯৭০","২৩ আগস্ট, ১৯৬৪",বঙ্গবন্ধু কবে পূর্ব বাংলার নামকরণ করেন ‘বাংলাদেশ’?,24,নতুন বিশ্ব
বাংলাদেশ মুক্তিযুদ্ধ ও স্বাধীনতা,বাংলাদেশ মুক্তিযুদ্ধ ও স্বাধীনতা,বাংলাদেশ মুক্তিযুদ্ধ ও স্বাধীনতা,,,২ অক্টোবর ১৯৯৬; ঢাকার ধানমন্ডি থানায়,"১৫ জুন, ১৯৭৫; ঢাকার রমনা থানায়","২০ আগস্ট, ১৯৮৫, ঢাকার তেজগাঁও থানায়","১৯ মার্চ, ১৯৭৪ ঢাকার পল্টন থানায়","বঙ্গবন্ধু হত্যা মামলার এজাহার কবে, কোন থানায় দায়ের করা হয়?",43,নতুন বিশ্ব
বাংলাদেশ মুক্তিযুদ্ধ ও স্বাধীনতা,বাংলাদেশ মুক্তিযুদ্ধ ও স্বাধীনতা,বাংলাদেশ মুক্তিযুদ্ধ ও স্বাধীনতা,,,"৪ অক্টোবর, ২০০৯; ৫ জন","১৯ মার্চ, ১৯৭৪; ৫ জন","১৯ মার্চ, ১৯৭৪; ৬ জন","১৫ জুন, ১৯৭৫; ১০ জন","বঙ্গবন্ধু হত্যা মামলার চূড়ান্ত নিষ্পত্তি শুনানির জন্য কবে, কতজন বিচারপতিকে নিয়ে আপিল বিভাগীয় ফুল বেঞ্চ গঠন করা হয়?",47,নতুন বিশ্ব
বাংলাদেশ মুক্তিযুদ্ধ ও স্বাধীনতা,বাংলাদেশ মুক্তিযুদ্ধ ও স্বাধীনতা,বাংলাদেশ মুক্তিযুদ্ধ ও স্বাধীনতা,,,"১৯ মার্চ, ১৯৭২;  বঙ্গবন্ধু শেখ মুজিবুর রহমান এবং ইন্দিরা গান্ধী স্বাক্ষর করেন","১০ আগস্ট, ১৯৭৩; ইন্দিরা গান্ধী ও কাজী নজরুল ইসলাম","১৮ জুলাই, ১৯৫২; মনমোহন সিং ও জি. এ ওসমানী","২২ ফেব্রুয়ারি, ১৯৩৫; অটল বিহারী ও ভাসানী",ভারত ও বাংলাদেশের মধ্যে মৈত্রী চুক্তি কবে স্বাক্ষরিত হয়? এই চুক্তিতে স্বাক্ষর করেন কে কে?,52,নতুন বিশ্ব
বাংলাদেশ মুক্তিযুদ্ধ ও স্বাধীনতা,বাংলাদেশ মুক্তিযুদ্ধ ও স্বাধীনতা,বাংলাদেশ মুক্তিযুদ্ধ ও স্বাধীনতা,,,বিচারপতি আবু সাঈদ চেšধুরী,খন্দকার মোশতাক,আব্দুর রউফ,আব্দুর রব,যুক্তরাজ্যে কে গণপ্রজাতন্ত্রী বাংলাদেশ সরকারের জন্য Steering Committee খোলেন?,69,নতুন বিশ্ব
বাংলাদেশ মুক্তিযুদ্ধ ও স্বাধীনতা,বাংলাদেশ মুক্তিযুদ্ধ ও স্বাধীনতা,বাংলাদেশ মুক্তিযুদ্ধ ও স্বাধীনতা,,,১৯৭১ সালে ঢাকায় কর্মরত ব্রিটিশ সাংবাদিক,বিবিসি সাংবাদিক,রাজনৈতিক নেতা,অর্থনীতিবিদ,সায়মন ড্রিং কে?,74,নতুন বিশ্ব
বাংলাদেশ মুক্তিযুদ্ধ ও স্বাধীনতা,বাংলাদেশ মুক্তিযুদ্ধ ও স্বাধীনতা,বাংলাদেশ মুক্তিযুদ্ধ ও স্বাধীনতা,,,১৯৭১ সালের ২৫ মার্চ দিবাগত রাতে পাকিস্তানের সামরিক বাহিনী কর্তৃক বাঙালির ওপর ¯্রশস্ত্র অভিযান,জঙ্গী নির্মূলকরণ,অভ্যন্তরীণ সন্ত্রাস দমন,কোনোটিই নয়,‘অপারেশন সার্চলাইট’ কি?,89,নতুন বিশ্ব
বাংলাদেশ মুক্তিযুদ্ধ ও স্বাধীনতা,বাংলাদেশ মুক্তিযুদ্ধ ও স্বাধীনতা,বাংলাদেশ মুক্তিযুদ্ধ ও স্বাধীনতা,,,"১০ এপ্রিল, ১৯৭১","১২ আগস্ট, ১৯৭৩","২৬ ডিসেম্বর, ১৯৭৫","১০ জানুয়ারি, ১৯৭২",স্বাধীনতার ঘোষণাপত্র জারি করা হয় কবে?,92,নতুন বিশ্ব
বাংলাদেশ মুক্তিযুদ্ধ ও স্বাধীনতা,বাংলাদেশ মুক্তিযুদ্ধ ও স্বাধীনতা,বাংলাদেশ মুক্তিযুদ্ধ ও স্বাধীনতা,,,"৩ এপ্রিল, ১৯৭১; ভারতের ত্রিপুরা রাজ্যে","১৫ জুন, ১৯৭৫; ঢাকার রমনায়","১৯ মার্চ, ১৯৭৪; চট্টগ্রাম কালুরঘাট","৮ অক্টোবর, ১৯৭০; ভারতের আসাম প্রদেশ",স্বাধীন বাংলা বেতারকেন্দ্রের দ্বিতীয় পর্বের কাজ শুরু হয় কবে এবং কোথায়?,136,নতুন বিশ্ব
বাংলাদেশ মুক্তিযুদ্ধ ও স্বাধীনতা,বাংলাদেশ মুক্তিযুদ্ধ ও স্বাধীনতা,বাংলাদেশ মুক্তিযুদ্ধ ও স্বাধীনতা,,,ওরা ১১ জন,রক্তাক্ত প্রান্তর,ধ্রুবতারা,আত্মদান,মুক্তিযুদ্ধভিত্তিক প্রথম চলচ্চিত্র কোনটি?,188,নতুন বিশ্ব
বাংলাদেশ মুক্তিযুদ্ধ ও স্বাধীনতা,বাংলাদেশ মুক্তিযুদ্ধ ও স্বাধীনতা,বাংলাদেশ মুক্তিযুদ্ধ ও স্বাধীনতা,,,ত্রিভুজাকৃতি,বৃত্তাকৃতি,চতুর্ভুজাকৃতি,কোনোটিই নয়,জাতীয় স্মৃতিসৌধের আকার কেমন?,205,নতুন বিশ্ব
বাংলাদেশ মুক্তিযুদ্ধ ও স্বাধীনতা,বাংলাদেশ মুক্তিযুদ্ধ ও স্বাধীনতা,বাংলাদেশ মুক্তিযুদ্ধ ও স্বাধীনতা,,,ফরিদউদ্দীন আহমেদ ও জামি আল শফি,শামীম শিকদার,হামিদুজ্জামান,আব্দুর রাজ্জাক,রায়েরবাজার বধ্যভূমি স্মৃতিসৌধ-এর স্থপতি কে?,224,নতুন বিশ্ব
বাংলাদেশ মুক্তিযুদ্ধ ও স্বাধীনতা,বাংলাদেশ মুক্তিযুদ্ধ ও স্বাধীনতা,বাংলাদেশ মুক্তিযুদ্ধ ও স্বাধীনতা,,,মূল ভাস্কর্যটি ১৭ ফুট ৯ ইঞ্চি উচ্চ,৪০ ইঞ্চি,৩৫ ইঞ্চি,২৯ ইঞ্চি,জাগ্রত চৌরঙ্গী-এর উচ্চতা কত?,228,নতুন বিশ্ব
বাংলাদেশ মুক্তিযুদ্ধ ও স্বাধীনতা,বাংলাদেশ মুক্তিযুদ্ধ ও স্বাধীনতা,বাংলাদেশ মুক্তিযুদ্ধ ও স্বাধীনতা,,,"২৬ জুলাই, ১৯৬৪","২২ জুলাই, ১৯৪৭","২৩ জুন, ১৬৫৮","১০ আগস্ট, ১৯৬৩",বঙ্গবন্ধুর নেতৃত্বে সম্মিলিত বিরোদী দল (কম্বাইড অপজিশন পাটি-(COP) গঠিত হয়?,18,নতুন বিশ্ব
বাংলাদেশ মুক্তিযুদ্ধ ও স্বাধীনতা,বাংলাদেশ মুক্তিযুদ্ধ ও স্বাধীনতা,বাংলাদেশ মুক্তিযুদ্ধ ও স্বাধীনতা,,,"১৭ এপ্রিল, ১৯৭১","১৯ মার্চ, ১৯৭৪","৮ অক্টোবর, ১৯৭০","৬ ফেব্রুয়ারি, ১৯৭২",স্বাধীনতা ঘোষণাপত্র পাঠ করা হবে?,93,নতুন বিশ্ব
বাংলাদেশ মুক্তিযুদ্ধ ও স্বাধীনতা,বাংলাদেশ মুক্তিযুদ্ধ ও স্বাধীনতা,বাংলাদেশ মুক্তিযুদ্ধ ও স্বাধীনতা,,,মুজিবনগর (মেহেরপুর),ধানমন্ডি (ঢাকা),রেসকোর্স ময়দান,প্যারেড ময়দান,স্বাধীনতার ঘোষণাপত্র কোথায় পাঠ করা হয়?,94,নতুন বিশ্ব
বাংলাদেশ মুক্তিযুদ্ধ ও স্বাধীনতা,বাংলাদেশ মুক্তিযুদ্ধ ও স্বাধীনতা,বাংলাদেশ মুক্তিযুদ্ধ ও স্বাধীনতা,,,১১টি,৯টি,৮টি,৫টি,মুক্তিযুদ্ধে বাংলাদেশকে কয়টি সেক্টরে বিভক্ত করা হয়েছিল?,95,নতুন বিশ্ব
বাংলাদেশ মুক্তিযুদ্ধ ও স্বাধীনতা,বাংলাদেশ মুক্তিযুদ্ধ ও স্বাধীনতা,বাংলাদেশ মুক্তিযুদ্ধ ও স্বাধীনতা,,,এম. আর আকতার মুকুল,খন্দকার মোশতাক,এম এ জি ওসমানী,মেজর জিয়াউর রহমান,স্বাধীন বাংলা বেতারকেন্দ্রের ‘চরমপত্র’ অনুষ্ঠানের উপস্থাপক ও স্ক্রিপ্ট লেখক কে ছিলেন?,138,নতুন বিশ্ব
বাংলাদেশ মুক্তিযুদ্ধ ও স্বাধীনতা,বাংলাদেশ মুক্তিযুদ্ধ ও স্বাধীনতা,বাংলাদেশ মুক্তিযুদ্ধ ও স্বাধীনতা,,,ইস্টার্ন কমান্ড,ইস্ট রেজিমেন্ট,ওয়েস্টার্ন কমান্ড,কোনোটিই নয়,সম্মিলিত আক্রমণে ভারতের কোন কমান্ড অংশগ্রহণ করে?,142,নতুন বিশ্ব
বাংলাদেশ মুক্তিযুদ্ধ ও স্বাধীনতা,বাংলাদেশ মুক্তিযুদ্ধ ও স্বাধীনতা,বাংলাদেশ মুক্তিযুদ্ধ ও স্বাধীনতা,,,১৪ কিলোমিটার,১২ কিলোমিটার,৮ কিলোমিটার,১৬ কিলোমিটার,১৪ ডিসেম্বর যৌথবাহিনী বা মিত্রবাহিনী ঢাকা থেকে কত কিলোমিটার দূরে অবস্থান করছিল?,156,নতুন বিশ্ব
বাংলাদেশ মুক্তিযুদ্ধ ও স্বাধীনতা,বাংলাদেশ মুক্তিযুদ্ধ ও স্বাধীনতা,বাংলাদেশ মুক্তিযুদ্ধ ও স্বাধীনতা,,,মেজর জেনারেল জামশেদ,ইয়াহিয়া খান,আইয়ুব খান,কোনোটিই নয়,কোন পাক সেনানায়ক প্রথম আত্মসমর্পণ করেন?,158,নতুন বিশ্ব
বাংলাদেশ মুক্তিযুদ্ধ ও স্বাধীনতা,বাংলাদেশ মুক্তিযুদ্ধ ও স্বাধীনতা,বাংলাদেশ মুক্তিযুদ্ধ ও স্বাধীনতা,,,সংগ্রামের প্রতীক হিসেবে আগুনের ফুলকি,শাপলা,স্মৃতিসৌধ,কেন্দ্রীয় শহিদ মিনার,১৯৭২ সালে স্বাধীনতা দিবসে প্রকাশিত ডাকটিকিটের প্রতীক কি ছিল?,171,নতুন বিশ্ব
বাংলাদেশ মুক্তিযুদ্ধ ও স্বাধীনতা,বাংলাদেশ মুক্তিযুদ্ধ ও স্বাধীনতা,বাংলাদেশ মুক্তিযুদ্ধ ও স্বাধীনতা,,,জাগ্রত চৌরঙ্গী,অপরাজেয় বাংলা,সাবাস বাংলাদেশ,জাগ্রত জনতা,বাংলাদেশের মুক্তিযুদ্ধভিত্তিক প্রথম ভাস্কর্যের নাম কি?,194,নতুন বিশ্ব
বাংলাদেশ মুক্তিযুদ্ধ ও স্বাধীনতা,বাংলাদেশ মুক্তিযুদ্ধ ও স্বাধীনতা,বাংলাদেশ মুক্তিযুদ্ধ ও স্বাধীনতা,,,প্রেসিডেন্ট হুসেইন মুহম্মদ এরশাদ,বঙ্গবন্ধু শেখ মুজিবুর রহমান,মেজর জিয়াউর রহমান,শেরে বাংলা এ কে ফজলুল হক,জাতীয় স্মৃতিসৌধ উদ্ভোধন করেন কে?,201,নতুন বিশ্ব
বাংলাদেশ মুক্তিযুদ্ধ ও স্বাধীনতা,বাংলাদেশ মুক্তিযুদ্ধ ও স্বাধীনতা,বাংলাদেশ মুক্তিযুদ্ধ ও স্বাধীনতা,,,১৯৭৩ সালে,১৯৭২ সালে,১৯৭১ সালে,১৯৭০ সালে,জাগ্রত চৌরঙ্গী নির্মিত হয় কবে?,226,নতুন বিশ্ব
বাংলাদেশ মুক্তিযুদ্ধ ও স্বাধীনতা,বাংলাদেশ মুক্তিযুদ্ধ ও স্বাধীনতা,বাংলাদেশ মুক্তিযুদ্ধ ও স্বাধীনতা,,,"১০ ফেব্রুয়ারি, ১৯৯২","১৬ ডিসেম্বর, ১৯৬৯","২১ ফেব্রুয়ারি, ১৯৯৩","১৭ আগস্ট, ১৯৭৩",সাবাস বাংলাদেশ-এর উদ্বোধন করা হয় কবে?,237,নতুন বিশ্ব
বাংলাদেশ মুক্তিযুদ্ধ ও স্বাধীনতা,বাংলাদেশ মুক্তিযুদ্ধ ও স্বাধীনতা,বাংলাদেশ মুক্তিযুদ্ধ ও স্বাধীনতা,,,রাজশাহী শহরে শহিদ ক্যাপ্টেন বীরশ্রেষ্ঠ জাহাঙ্গীর সড়কের দ্বীনেভদ্রা এলাকায়,জাহাঙ্গীরনগর বিশ্ববিদ্যালয়ের কেন্দ্রীয় গ্রন্থাগারের সামনে,চট্টগ্রাম বিশ্ববিদ্যালয়ের কলা ভবন চত্বরে,ঢাকা বিশ্ববিদ্যালয়ের দোয়েল চত্বরে,স্মৃতি অম্লানের অবস্থান কোথায়?,244,নতুন বিশ্ব
বাংলাদেশ মুক্তিযুদ্ধ ও স্বাধীনতা,বাংলাদেশ মুক্তিযুদ্ধ ও স্বাধীনতা,বাংলাদেশ মুক্তিযুদ্ধ ও স্বাধীনতা,,,শহীদ মুক্তিযোদ্ধা আবুল খায়ের সাইফুল ঠান্ডুর বাবা আজিজুর রহমান সরকার,শহীদ জননী জাহানারা ইমাম,মেজর জিয়াউর রহমান,হুসেইন মুহম্মদ এরশাদ,স্মৃতি অম্লানটি উদ্বোধন করেন কে?,246,নতুন বিশ্ব
বাংলাদেশ মুক্তিযুদ্ধ ও স্বাধীনতা,বাংলাদেশ মুক্তিযুদ্ধ ও স্বাধীনতা,বাংলাদেশ মুক্তিযুদ্ধ ও স্বাধীনতা,,,১৯৪২ সালে,১৯৩৪ সালে,১৯৪৫ সালে,১৯৪১ সালে,বঙ্গবন্ধু কবে কলকাতা ইসলামিয়া কলেজে ভর্তি হন?,4,নতুন বিশ্ব
বাংলাদেশ মুক্তিযুদ্ধ ও স্বাধীনতা,বাংলাদেশ মুক্তিযুদ্ধ ও স্বাধীনতা,বাংলাদেশ মুক্তিযুদ্ধ ও স্বাধীনতা,,,"৫ জুন, ১৯৫৫","১০ জুলাই, ১৯৫৩","৫ জুন, ১৯৫১","৮ জুন, ১৯৫২",বঙ্গবন্ধু কবে পাকিস্তান গণপরিষদের সদস্য নির্বাচিত হন?,11,নতুন বিশ্ব
বাংলাদেশ মুক্তিযুদ্ধ ও স্বাধীনতা,বাংলাদেশ মুক্তিযুদ্ধ ও স্বাধীনতা,বাংলাদেশ মুক্তিযুদ্ধ ও স্বাধীনতা,,,"শিল্প, বাণিজ্য, শ্রম, দুর্নীতি দমন ও ভিলেজ এইড দফতরের মন্ত্রী (১৬ সেপ্টেম্বর, ১৯৫৬)",শিল্পমন্ত্রী,সমাজকল্যাণ মন্ত্রী,আইনমন্ত্রী,তিনি ‘পূর্ব পাকিস্তান প্রাদেশিক সরকারের’ কোন মন্ত্রী নিযুক্ত হন?,15,নতুন বিশ্ব
বাংলাদেশ মুক্তিযুদ্ধ ও স্বাধীনতা,বাংলাদেশ মুক্তিযুদ্ধ ও স্বাধীনতা,বাংলাদেশ মুক্তিযুদ্ধ ও স্বাধীনতা,,,শেখ মুজিবুর রহমান,এম. এ. জি ওসমানী,মেজর জিয়াউর রহমান,শেরে বাংলা এ. কে. ফজলুল হক,বাংলাদেশের স্বাধীনতা সংগ্রামের নায়ক কে?,61,নতুন বিশ্ব
বাংলাদেশ মুক্তিযুদ্ধ ও স্বাধীনতা,বাংলাদেশ মুক্তিযুদ্ধ ও স্বাধীনতা,বাংলাদেশ মুক্তিযুদ্ধ ও স্বাধীনতা,,,চীন ও যুক্তরাষ্ট্র,ফ্রান্স ও রাশিয়া,কিউবা ও ভিয়েতনাম,উঃ কোরিয়া ও দঃ কোরিয়া,মুক্তিযুদ্ধের বিরোধিতা করেছিল জাতিসংঘের নিরাপত্তা পরিষদের কোন দুইটি স্থায়ী রাষ্ট্র?,76,নতুন বিশ্ব
বাংলাদেশ মুক্তিযুদ্ধ ও স্বাধীনতা,বাংলাদেশ মুক্তিযুদ্ধ ও স্বাধীনতা,বাংলাদেশ মুক্তিযুদ্ধ ও স্বাধীনতা,,,৬৪টি,২১টি,৬২টি,৫৪টি,মুক্তিযুদ্ধের সাব-সেক্টর ছিল কতটি?,102,নতুন বিশ্ব
বাংলাদেশ মুক্তিযুদ্ধ ও স্বাধীনতা,বাংলাদেশ মুক্তিযুদ্ধ ও স্বাধীনতা,বাংলাদেশ মুক্তিযুদ্ধ ও স্বাধীনতা,,,সল সুইমার,অ্যালেন ক্লেইন,লেডি গাগা,মাইকেল জ্যাকসন,কনসার্ট ফর বাংলাদেশ-এর পরিচালক কে ছিলেন?,129,নতুন বিশ্ব
বাংলাদেশ মুক্তিযুদ্ধ ও স্বাধীনতা,বাংলাদেশ মুক্তিযুদ্ধ ও স্বাধীনতা,বাংলাদেশ মুক্তিযুদ্ধ ও স্বাধীনতা,,,মুক্তিযুদ্ধকালীন প্রবাসী সরকার কর্তৃক প্রতিষ্ঠিত বেতার সম্প্রচার কেন্দ্র,টিভি চ্যানেল কেন্দ্র,এফএম রেডিও সেন্টার,ওয়্যারলেস সম্প্রচার কেন্দ্র,স্বাধীন বাংলা বেতারকেন্দ্র কি?,131,নতুন বিশ্ব
বাংলাদেশ মুক্তিযুদ্ধ ও স্বাধীনতা,বাংলাদেশ মুক্তিযুদ্ধ ও স্বাধীনতা,বাংলাদেশ মুক্তিযুদ্ধ ও স্বাধীনতা,,,কলকাতাস্থ ফোর্ট উইলিয়ামে,দিল্লিতে,গুজরাটে,ত্রিপুরায়,ইস্টার্ন কমান্ডের সদর দপ্তর কোথায় ছিল?,144,নতুন বিশ্ব
বাংলাদেশ মুক্তিযুদ্ধ ও স্বাধীনতা,বাংলাদেশ মুক্তিযুদ্ধ ও স্বাধীনতা,বাংলাদেশ মুক্তিযুদ্ধ ও স্বাধীনতা,,,৩ ধরনের,২ ধরনের,৫ ধরনের,১ ধরনের,১৯৭২ সালের স্বাধীনতা দিবসে কত দরনের ডাকটিকিট প্রকাশিত হয়?,172,নতুন বিশ্ব
বাংলাদেশ মুক্তিযুদ্ধ ও স্বাধীনতা,বাংলাদেশ মুক্তিযুদ্ধ ও স্বাধীনতা,বাংলাদেশ মুক্তিযুদ্ধ ও স্বাধীনতা,,,১৪ ডিসেম্বর,১৫ ডিসেম্বর,১০ আগস্ট,২৬ মার্চ,বাংলাদেশে বুদ্ধিজীবী দিবস কোন তারিখে?,175,নতুন বিশ্ব
বাংলাদেশ মুক্তিযুদ্ধ ও স্বাধীনতা,বাংলাদেশ মুক্তিযুদ্ধ ও স্বাধীনতা,বাংলাদেশ মুক্তিযুদ্ধ ও স্বাধীনতা,,,বেগম খালেদা জিয়া,মেজর জিয়াউর রহমান,বঙ্গবন্ধু শেখ মুজিবুর রহমান,হুসেইন মুহম্মদ এরশাদ,রায়েরবাজার বধ্যভূমি স্মৃতিসৌধের-এর ভিত্তিপ্রস্তর স্থাপন করেন কে?,222,নতুন বিশ্ব
বাংলাদেশ মুক্তিযুদ্ধ ও স্বাধীনতা,বাংলাদেশ মুক্তিযুদ্ধ ও স্বাধীনতা,বাংলাদেশ মুক্তিযুদ্ধ ও স্বাধীনতা,,,১৯৭৮ সালে,১৯৭৪ সালে,১৯৭০ সালে,১৯৭২ সালে,অপরাজেয় বাংলা কত সালে নির্মাণ করা হয়?,233,নতুন বিশ্ব
বাংলাদেশ মুক্তিযুদ্ধ ও স্বাধীনতা,বাংলাদেশ মুক্তিযুদ্ধ ও স্বাধীনতা,বাংলাদেশ মুক্তিযুদ্ধ ও স্বাধীনতা,,,যুগ্ম সম্পাদক,সাধারণ সম্পাদক,জয়েন্ট সেক্রেটারি,সভাপতি,আওয়ামী মুসলিম লীগ প্রতিষ্ঠার সময় বঙ্গবন্ধু কি নির্বাচিত হন?,8,নতুন বিশ্ব
বাংলাদেশ মুক্তিযুদ্ধ ও স্বাধীনতা,বাংলাদেশ মুক্তিযুদ্ধ ও স্বাধীনতা,বাংলাদেশ মুক্তিযুদ্ধ ও স্বাধীনতা,,,"২৬ মার্চ, ১৯৭১","২০ আগস্ট, ১৯৮৫","১৫ জুন, ১৯৭৫","১৯ মার্চ, ১৯৭৪",বঙ্গবন্ধু কবে বাংলাদেশের স্বাধীনতা ঘোষণা করেন?,26,নতুন বিশ্ব
বাংলাদেশ মুক্তিযুদ্ধ ও স্বাধীনতা,বাংলাদেশ মুক্তিযুদ্ধ ও স্বাধীনতা,বাংলাদেশ মুক্তিযুদ্ধ ও স্বাধীনতা,,,"৭ সেপ্টেম্বর, ১৯৭১","১৯ মার্চ, ১৯৭৪","১৫ জুন, ১৯৭৫","১৯ মার্চ, ১৯৭৪","দেশদ্রোহিতার অভিযোগে কবে, কোথায় গোপন বিচার করে তার বিরুদ্ধে মৃত্যুদণ্ডাদেশ প্রদান করা হয়?",28,নতুন বিশ্ব
বাংলাদেশ মুক্তিযুদ্ধ ও স্বাধীনতা,বাংলাদেশ মুক্তিযুদ্ধ ও স্বাধীনতা,বাংলাদেশ মুক্তিযুদ্ধ ও স্বাধীনতা,,,১২টি,১১টি,৯টি,১৩টি,বঙ্গবন্ধুর ভাষণটি কয়টি ভাষায় অনূদিত হয়?,55,নতুন বিশ্ব
বাংলাদেশ মুক্তিযুদ্ধ ও স্বাধীনতা,বাংলাদেশ মুক্তিযুদ্ধ ও স্বাধীনতা,বাংলাদেশ মুক্তিযুদ্ধ ও স্বাধীনতা,,,১৯৫০ দশকের,১৯৪৮ দশকের,১৯৫৭ দশকের,১৯৭১ দশকের,‘অসমাপ্ত আত্মজীবনী’-তে কোন সময়ের ঘটনাবলি তুলে ধরা হয়েছে?,59,নতুন বিশ্ব
বাংলাদেশ মুক্তিযুদ্ধ ও স্বাধীনতা,বাংলাদেশ মুক্তিযুদ্ধ ও স্বাধীনতা,বাংলাদেশ মুক্তিযুদ্ধ ও স্বাধীনতা,,,"২ মাচ, ১৯৭১; ঢাকা বিশ্ববিদ্যালয়, তৎকালীন ডাকসু ভিপি আ. গ. ম. আব্দুর রব","১২ জুন, ১৯৬২; তোফাজ্জল হোসেন","১২ আগস্ট, ১৯৭৩; হুসেন মোহাম্মদ এরশাদ","৮ অক্টোবর, ১৯৭০; খন্দকার মোশতাক","কবে, কোথায়, কে বাংলাদেশের পতাকা প্রথম উত্তোলন করেন?",63,নতুন বিশ্ব
বাংলাদেশ মুক্তিযুদ্ধ ও স্বাধীনতা,বাংলাদেশ মুক্তিযুদ্ধ ও স্বাধীনতা,বাংলাদেশ মুক্তিযুদ্ধ ও স্বাধীনতা,,,সোভিয়েত ইউনিয়ন,চীন,যুক্তরাজ্য,ভেনুজুয়েলা,১৯৭১ সালে মুক্তিযুদ্ধের সময় জাতিসংঘে কোন দেশ বাংলাদেশের পক্ষে ‘ভেটো’ প্রদান করেছিল?,77,নতুন বিশ্ব
বাংলাদেশ মুক্তিযুদ্ধ ও স্বাধীনতা,বাংলাদেশ মুক্তিযুদ্ধ ও স্বাধীনতা,বাংলাদেশ মুক্তিযুদ্ধ ও স্বাধীনতা,,,"২৫ মার্চ, ১৯৭১","৭ মার্চ, ১৯৭১","২৩ আগস্ট, ১৯৬৪","৫ ডিসেম্বর, ১৯৬৯","হানাদার পাকিস্তানি সৈন্যরা কবে, কখন বঙ্গবন্ধুর ধানমন্ডির বাড়ি আক্রমন করে?",85,নতুন বিশ্ব
বাংলাদেশ মুক্তিযুদ্ধ ও স্বাধীনতা,বাংলাদেশ মুক্তিযুদ্ধ ও স্বাধীনতা,বাংলাদেশ মুক্তিযুদ্ধ ও স্বাধীনতা,,,"সিলেট, সুনামগঞ্জ ও মৌলভীবাজার এলাকায়",মুন্সিগঞ্জ ও সিলেট,"বরিশাল, চট্টগ্রাম",গোপালগঞ্জ ও ব্রাহ্মণবাড়িয়া,অক্টোবর থেকে চূড়ান্ত বিজয় পর্যন্ত তারা কোথায় যুদ্ধ করে?,110,নতুন বিশ্ব
বাংলাদেশ মুক্তিযুদ্ধ ও স্বাধীনতা,বাংলাদেশ মুক্তিযুদ্ধ ও স্বাধীনতা,বাংলাদেশ মুক্তিযুদ্ধ ও স্বাধীনতা,,,"৪ জানুয়ারি, ২০০৯","৩ মার্চ, ২০১০","৫ জুন, ১৯৫১","২২ জুলাই, ১৯৪৭",স্বাধীন বাংলা ফুটবল দলকে বাফুফে কবে আনুষ্ঠানিকভাবে সংবর্ধনা দেয়?,121,নতুন বিশ্ব
বাংলাদেশ মুক্তিযুদ্ধ ও স্বাধীনতা,বাংলাদেশ মুক্তিযুদ্ধ ও স্বাধীনতা,বাংলাদেশ মুক্তিযুদ্ধ ও স্বাধীনতা,,,"৩০ মার্চ, ১৯৭১","২১ ফেব্রুয়ারি, ১৯৭০","২৬ ডিসেম্বর, ১৯৭৫","৮ অক্টোবর, ১৯৭০",পাকিস্তান বিমান বাহিনী কালুরঘাট বেতারকেন্দ্র লক্ষ্য করে কবে বোমা হামলা চালায়?,133,নতুন বিশ্ব
বাংলাদেশ মুক্তিযুদ্ধ ও স্বাধীনতা,বাংলাদেশ মুক্তিযুদ্ধ ও স্বাধীনতা,বাংলাদেশ মুক্তিযুদ্ধ ও স্বাধীনতা,,,"৬ ডিসেম্বর, ১৯৭১; যশোর জেলা","১২ জুন, ১৯৭২; বরিশাল","১২ মার্চ, ১৯৭১; সিলেট","৫ ফেব্রুয়ারি, ১৯৭০; চট্টগ্রাম",কোন জেলা প্রথম শত্রুমুক্ত হয় এবং কত তারিখে?,148,নতুন বিশ্ব
বাংলাদেশ মুক্তিযুদ্ধ ও স্বাধীনতা,বাংলাদেশ মুক্তিযুদ্ধ ও স্বাধীনতা,বাংলাদেশ মুক্তিযুদ্ধ ও স্বাধীনতা,,,৬৭৬ জন,১৯০ জন,১২৫ জন,৫৫ জন,মুক্তিযুদ্ধে খেতাবপ্রাপ্ত যোদ্ধার সংখ্যা কত?,179,নতুন বিশ্ব
বাংলাদেশ মুক্তিযুদ্ধ ও স্বাধীনতা,বাংলাদেশ মুক্তিযুদ্ধ ও স্বাধীনতা,বাংলাদেশ মুক্তিযুদ্ধ ও স্বাধীনতা,,,"সিডনি, অস্ট্রেলিয়া",দিল্লি,যুক্তরাষ্ট্র,মিয়ানমার,দেশের বাইরে প্রথম স্মৃতিসৌধ নির্মিত হয় কোথায়?,196,নতুন বিশ্ব
বাংলাদেশ মুক্তিযুদ্ধ ও স্বাধীনতা,বাংলাদেশ মুক্তিযুদ্ধ ও স্বাধীনতা,বাংলাদেশ মুক্তিযুদ্ধ ও স্বাধীনতা,,,কংক্রিট ও সিমেন্ট,বালু ও সিমেন্ট,ইস্পাত ও লোহা,কোনোটিই নয়,জাতীয় স্মৃতিসৌধের নির্মাণ সামগ্রী কি কি?,204,নতুন বিশ্ব
বাংলাদেশ মুক্তিযুদ্ধ ও স্বাধীনতা,বাংলাদেশ মুক্তিযুদ্ধ ও স্বাধীনতা,বাংলাদেশ মুক্তিযুদ্ধ ও স্বাধীনতা,,,তানভীর করিম,নিতুন কুণ্ডু,মর্তুজা বশীর,শামীম শিকদার,মুজিবনগর স্মৃতিসৌধের কমপ্লেক্স-এর স্থপিত কে?,210,নতুন বিশ্ব
বাংলাদেশ মুক্তিযুদ্ধ ও স্বাধীনতা,বাংলাদেশ মুক্তিযুদ্ধ ও স্বাধীনতা,বাংলাদেশ মুক্তিযুদ্ধ ও স্বাধীনতা,,,সৈয়দ আব্দুল্লাহ খালেদ,নিতুন কুণ্ডু,জামি আল শফি,মোস্তফা হারুন কুদ্দুস হিলি,অপরাজেয় বাংলার ভাস্কর কে?,230,নতুন বিশ্ব
বাংলাদেশ মুক্তিযুদ্ধ ও স্বাধীনতা,বাংলাদেশ মুক্তিযুদ্ধ ও স্বাধীনতা,বাংলাদেশ মুক্তিযুদ্ধ ও স্বাধীনতা,,,"২৩ জুন, ১৯৪৯","২২ জুলাই, ১৯৪৭","২১ জুন, ১৯৪৮","১৩ জুন, ১৯৪৭",আওয়ামী মুসলিম লীগ কবে গঠিত হয়?,7,নতুন বিশ্ব
বাংলাদেশ মুক্তিযুদ্ধ ও স্বাধীনতা,বাংলাদেশ মুক্তিযুদ্ধ ও স্বাধীনতা,বাংলাদেশ মুক্তিযুদ্ধ ও স্বাধীনতা,,,"১৮ এপ্রিল, ১৯৪৯","২৬ ডিসেম্বর, ১৯৭৫","২৩ জুন, ১৬৫৮","১৫ মার্চ, ১৯৬৭",বঙ্গবন্ধুর বহিষ্কারাদেশ কবে থেকে কার্যকর করা হয়?,50,নতুন বিশ্ব
বাংলাদেশ মুক্তিযুদ্ধ ও স্বাধীনতা,বাংলাদেশ মুক্তিযুদ্ধ ও স্বাধীনতা,বাংলাদেশ মুক্তিযুদ্ধ ও স্বাধীনতা,,,ইউনেস্কো,বিবিসি বাংলা,ইউনিসেফ,ইউএন,ঐতিহাসিক ৭ মার্চের ভাষণকে বিশ্ব প্রামাণ্য ঐতিহ্য ঘোষণা করে কোন সংস্থা?,57,নতুন বিশ্ব
বাংলাদেশ মুক্তিযুদ্ধ ও স্বাধীনতা,বাংলাদেশ মুক্তিযুদ্ধ ও স্বাধীনতা,বাংলাদেশ মুক্তিযুদ্ধ ও স্বাধীনতা,,,১৯৬৬-৬৯ সালে ঢাকা কেন্দ্রীয় কারাগারে অন্তরীণ অবস্থায়,১৯৭০-৭১ সালে,১৯৭৫-৭৬ সালে,১৯৭৩-৭৪ সালে,বঙ্গবন্ধু শেখ মুজিবুর রহমান কোন সময়ে আত্মজীবনী লিখেছিলেন?,58,নতুন বিশ্ব
বাংলাদেশ মুক্তিযুদ্ধ ও স্বাধীনতা,বাংলাদেশ মুক্তিযুদ্ধ ও স্বাধীনতা,বাংলাদেশ মুক্তিযুদ্ধ ও স্বাধীনতা,,,মেজর জেনারেল জামশেদ,মশাররফ হোসেন,বেনজির ভুট্টো,জেনারেল ইয়াহিয়া খান,কোন পাক সেনানায়ক প্রথম আত্মসমর্পণ করেন?,66,নতুন বিশ্ব
বাংলাদেশ মুক্তিযুদ্ধ ও স্বাধীনতা,বাংলাদেশ মুক্তিযুদ্ধ ও স্বাধীনতা,বাংলাদেশ মুক্তিযুদ্ধ ও স্বাধীনতা,,,জেনারেল আমির আব্দুল্লাহ খান নিয়াজী,জেনারেল মশাররফ হোসেন,জেনারেল ইয়াহিয়া,সবাই,পাকিস্তানি পক্ষের নেতৃত্বে কে ছিলেন?,73,নতুন বিশ্ব
বাংলাদেশ মুক্তিযুদ্ধ ও স্বাধীনতা,বাংলাদেশ মুক্তিযুদ্ধ ও স্বাধীনতা,বাংলাদেশ মুক্তিযুদ্ধ ও স্বাধীনতা,,,"১৫ আগস্ট, ১৯৭১","২৬ ডিসেম্বর, ১৯৭৫","১৯ মার্চ, ১৯৭৫","৮ জানুয়ারি, ১৯৭২",‘অপারেশন জ্যাকপট’ কবে পরিচালনা করা হয়?,91,নতুন বিশ্ব
বাংলাদেশ মুক্তিযুদ্ধ ও স্বাধীনতা,বাংলাদেশ মুক্তিযুদ্ধ ও স্বাধীনতা,বাংলাদেশ মুক্তিযুদ্ধ ও স্বাধীনতা,,,"২ ইস্ট বেঙ্গল রেজিমেন্ট, ১১ ইস্ট বেঙ্গল রেজিমেন্ট",২ ইস্ট বেঙ্গল রেজিমেন্ট,পুলিশ বাহিনী,সামরিক বাহিনী,এস ফোর্সের অন্তর্ভুক্ত ছিল কি কি?,113,নতুন বিশ্ব
বাংলাদেশ মুক্তিযুদ্ধ ও স্বাধীনতা,বাংলাদেশ মুক্তিযুদ্ধ ও স্বাধীনতা,বাংলাদেশ মুক্তিযুদ্ধ ও স্বাধীনতা,,,বীরশ্রেষ্ঠ,বুদ্ধিজীবী,বীরবিক্রম,বীরউত্তম,বাংলাদেশে সর্বোচ্চ বীরত্ব খেতাব কোনটি?,178,নতুন বিশ্ব
বাংলাদেশ মুক্তিযুদ্ধ ও স্বাধীনতা,বাংলাদেশ মুক্তিযুদ্ধ ও স্বাধীনতা,বাংলাদেশ মুক্তিযুদ্ধ ও স্বাধীনতা,,,"১৪-১৬ নভেম্বর, ১৯৭১","১৫-১৬ আগস্ট, ১৯৭১","১০-১১ মার্চ, ১৯৭১","৮-৯ জুন, ১৯৭০",অ্যালেন গিনসবার্গ কবে কবিতাটি রচনা করেন?,193,নতুন বিশ্ব
বাংলাদেশ মুক্তিযুদ্ধ ও স্বাধীনতা,বাংলাদেশ মুক্তিযুদ্ধ ও স্বাধীনতা,বাংলাদেশ মুক্তিযুদ্ধ ও স্বাধীনতা,,,সৈয়দ মাইনুল হোসেন,লুই আইকন,কামরুল হাসান,নিতুন কু-ু,জাতীয় স্মৃতিসৌধের স্থপতি কে?,202,নতুন বিশ্ব
বাংলাদেশ মুক্তিযুদ্ধ ও স্বাধীনতা,বাংলাদেশ মুক্তিযুদ্ধ ও স্বাধীনতা,বাংলাদেশ মুক্তিযুদ্ধ ও স্বাধীনতা,,,"১৪ ডিসেম্বর, ১৯৮৬","১৬ মার্চ, ১৯৭১","২৭ জুন, ১৯৭০","১ মে, ১৯৭১",বুদ্ধিজীবী স্মৃতিসৌধ উদ্বোধন করা হয় কবে?,216,নতুন বিশ্ব
বাংলাদেশ মুক্তিযুদ্ধ ও স্বাধীনতা,বাংলাদেশ মুক্তিযুদ্ধ ও স্বাধীনতা,বাংলাদেশ মুক্তিযুদ্ধ ও স্বাধীনতা,,,মোস্তফা হারুন কুদ্দুস হিলি,মর্তুজা বশীর,তানভীর করিম,সৈয়দ মাইনুল ইসলাম,বুদ্ধিজীবী স্মৃতিসৌধ-এর স্থপতি কে?,217,নতুন বিশ্ব
বাংলাদেশ মুক্তিযুদ্ধ ও স্বাধীনতা,বাংলাদেশ মুক্তিযুদ্ধ ও স্বাধীনতা,বাংলাদেশ মুক্তিযুদ্ধ ও স্বাধীনতা,,,"কৃষি, বন ও সমবায়মন্ত্রী (১৪ মে, ১৯৫৪)",স্বরাষ্ট্রমন্ত্রী,সমাজকল্যাণ মন্ত্রী,আইনমন্ত্রী,বঙ্গবন্ধু ‘যুক্তফ্রন্ট’ মন্ত্রিসভার কোন মন্ত্রী নিযুক্ত হন?,10,নতুন বিশ্ব
বাংলাদেশ মুক্তিযুদ্ধ ও স্বাধীনতা,বাংলাদেশ মুক্তিযুদ্ধ ও স্বাধীনতা,বাংলাদেশ মুক্তিযুদ্ধ ও স্বাধীনতা,,,"৫ ফেব্রুয়ারি, ১৯৬৬; লাহোর (পাকিস্তান)","৫ ফেব্রুয়ারি, ১৯৬৪","১২ জুন, ১৯৬২","১৮ আগস্ট, ১৯৬১","তিনি কবে, কোথায় ঐতিহাসিক ছয় দফা পেশ করেন?",19,নতুন বিশ্ব
বাংলাদেশ মুক্তিযুদ্ধ ও স্বাধীনতা,বাংলাদেশ মুক্তিযুদ্ধ ও স্বাধীনতা,বাংলাদেশ মুক্তিযুদ্ধ ও স্বাধীনতা,,,"৮ জানুয়ারি, ১৯৭২","১৯ মার্চ, ১৯৭৪","২৬ ডিসেম্বর, ১৯৭৫","১৯ মার্চ, ১৯৭৫",বঙ্গবন্ধুকে কবে পিআইয়ের বিশেষ বিমানে ঢাকার উদ্দেশ্যে লন্ডন পাঠানো হয়?,30,নতুন বিশ্ব
বাংলাদেশ মুক্তিযুদ্ধ ও স্বাধীনতা,বাংলাদেশ মুক্তিযুদ্ধ ও স্বাধীনতা,বাংলাদেশ মুক্তিযুদ্ধ ও স্বাধীনতা,,,"১২ মার্চ, ১৯৭২","২৩ জুন, ১৬৫৮","১০ জুলাই, ১৯৫৩","২২ জুলাই, ১৯৪৭",বঙ্গবন্ধুর অনুরোধে ভারতীয় মিত্র বাহিনী বাংলাদেশ ত্যাগ করে কবে?,33,নতুন বিশ্ব
বাংলাদেশ মুক্তিযুদ্ধ ও স্বাধীনতা,বাংলাদেশ মুক্তিযুদ্ধ ও স্বাধীনতা,বাংলাদেশ মুক্তিযুদ্ধ ও স্বাধীনতা,,,"১ মার্চ, ১৯৯৭","১৯ মার্চ, ১৯৭৪","২৬ ডিসেম্বর, ১৯৭৫","১০ আগস্ট, ১৯৭৩",বঙ্গবন্ধু হত্যার বিচারের লক্ষ্যে ঢাকা কেন্দ্রীয় কারাগারের পাশে কবে এজলাস গঠন করা হয়?,42,নতুন বিশ্ব
বাংলাদেশ মুক্তিযুদ্ধ ও স্বাধীনতা,বাংলাদেশ মুক্তিযুদ্ধ ও স্বাধীনতা,বাংলাদেশ মুক্তিযুদ্ধ ও স্বাধীনতা,,,ব্যারিস্টার এম. আমীর-উল ইসলাম,খন্দকার মোশতাক,নূরে আলম সিদ্দিকী,তোফাজ্জল হোসেন,স্বাধীনতার ঘোষণাপত্রের রচয়িতা কে?,62,নতুন বিশ্ব
বাংলাদেশ মুক্তিযুদ্ধ ও স্বাধীনতা,বাংলাদেশ মুক্তিযুদ্ধ ও স্বাধীনতা,বাংলাদেশ মুক্তিযুদ্ধ ও স্বাধীনতা,,,"১০ এপ্রিল, ১৯৭১","১০ মার্চ, ১৯৭১","৭ মার্চ, ১৯৭১","১৮ অক্টোবর, ১৯৭১",আনুষ্ঠানিকভাবে স্বাধীনতার ঘোষণাপত্র কবে জারি করা হয়?,82,নতুন বিশ্ব
বাংলাদেশ মুক্তিযুদ্ধ ও স্বাধীনতা,বাংলাদেশ মুক্তিযুদ্ধ ও স্বাধীনতা,বাংলাদেশ মুক্তিযুদ্ধ ও স্বাধীনতা,,,১০ নং,২ নং,৮ নং,৪ নং,মুক্তিযুদ্ধের নৌ সেক্টর কোনটি?,99,নতুন বিশ্ব
বাংলাদেশ মুক্তিযুদ্ধ ও স্বাধীনতা,বাংলাদেশ মুক্তিযুদ্ধ ও স্বাধীনতা,বাংলাদেশ মুক্তিযুদ্ধ ও স্বাধীনতা,,,পারমাণবিক অস্ত্রে সজ্জিত একাধিক জাহাজের মার্কিন নৌবহর,বাংলাদেশের অন্যতম নৌবহর বাহিনী,চীনের সশস্ত্র নৌবহর বাহিনী,কোনোটিই নয়,সপ্তম নৌবহর কি?,122,নতুন বিশ্ব
বাংলাদেশ মুক্তিযুদ্ধ ও স্বাধীনতা,বাংলাদেশ মুক্তিযুদ্ধ ও স্বাধীনতা,বাংলাদেশ মুক্তিযুদ্ধ ও স্বাধীনতা,,,ডব্লিউ এ এস ওডারল্যান্ড,জ্যাকসন,জর্জ হ্যারিসন,কোনোটিই নয়,মুক্তিযুদ্ধের একমাত্র বিদেশি বীরপ্রতীক কে?,182,নতুন বিশ্ব
বাংলাদেশ মুক্তিযুদ্ধ ও স্বাধীনতা,বাংলাদেশ মুক্তিযুদ্ধ ও স্বাধীনতা,বাংলাদেশ মুক্তিযুদ্ধ ও স্বাধীনতা,,,মুক্তিযোদ্ধাদের পত্র সংকলন,চলচ্চিত্র,গ্রন্থ রচনা,কবিতামালা,‘একাত্তরের চিঠি’ কি?,189,নতুন বিশ্ব
বাংলাদেশ মুক্তিযুদ্ধ ও স্বাধীনতা,বাংলাদেশ মুক্তিযুদ্ধ ও স্বাধীনতা,বাংলাদেশ মুক্তিযুদ্ধ ও স্বাধীনতা,,,মেহেরপুর জেলার ভবেরপাড়া গ্রামের বৈদ্যনাথতলায়,গাজীপুর জেলার চন্দ্রঘনায়,ঢাকার উত্তরায়,ব্রাহ্মণবাড়িয়ার টুঙ্গিপাড়ায়,মুজিবনগর স্মৃতিসৌধের কমপ্লেক্স-এর অবস্থান কোথায়?,208,নতুন বিশ্ব
বাংলাদেশ মুক্তিযুদ্ধ ও স্বাধীনতা,বাংলাদেশ মুক্তিযুদ্ধ ও স্বাধীনতা,বাংলাদেশ মুক্তিযুদ্ধ ও স্বাধীনতা,,,মোস্তফা হারুন কুদ্দুস হিলি,শামীম শিকদার,তানভীর করিম,মর্তুজা বশীর,বুদ্ধিজীবী ভিত্তিপ্রস্তর-এর স্থপতি কে?,215,নতুন বিশ্ব
বাংলাদেশ মুক্তিযুদ্ধ ও স্বাধীনতা,বাংলাদেশ মুক্তিযুদ্ধ ও স্বাধীনতা,বাংলাদেশ মুক্তিযুদ্ধ ও স্বাধীনতা,,,"২৬ মার্চ, ১৯৭১","২৬ ডিসেম্বর, ১৯৭৫","১১ আগস্ট, ১৯৭১","১৭ জুন, ১৯৭২",বঙ্গবন্ধুকে কবে গ্রেপ্তার করে করাচিতে নিয়ে যাওয়া হয়?,25,নতুন বিশ্ব
বাংলাদেশ মুক্তিযুদ্ধ ও স্বাধীনতা,বাংলাদেশ মুক্তিযুদ্ধ ও স্বাধীনতা,বাংলাদেশ মুক্তিযুদ্ধ ও স্বাধীনতা,,,জুলিও কুরি পদক,ডায়ানা পদক,নোবেল পদক,সবগুলো,বিশ্ব শান্তি পরিষদ বঙ্গবন্ধুকে কোন পদকে ভূষিত করে?,39,নতুন বিশ্ব
বাংলাদেশ মুক্তিযুদ্ধ ও স্বাধীনতা,বাংলাদেশ মুক্তিযুদ্ধ ও স্বাধীনতা,বাংলাদেশ মুক্তিযুদ্ধ ও স্বাধীনতা,,,৪টি,৩টি,১টি,৫টি,৭ মার্চের ভাষণে কয়টি দাবি করা হয়?,56,নতুন বিশ্ব
বাংলাদেশ মুক্তিযুদ্ধ ও স্বাধীনতা,বাংলাদেশ মুক্তিযুদ্ধ ও স্বাধীনতা,বাংলাদেশ মুক্তিযুদ্ধ ও স্বাধীনতা,,,শঙ্কু সমজদার (রংপুর),সালাম,আব্দুর রাজ্জাক,শহিদ মতিউর রহমান,মুক্তিযুদ্ধের প্রথম শহিদ কে?,75,নতুন বিশ্ব
বাংলাদেশ মুক্তিযুদ্ধ ও স্বাধীনতা,বাংলাদেশ মুক্তিযুদ্ধ ও স্বাধীনতা,বাংলাদেশ মুক্তিযুদ্ধ ও স্বাধীনতা,,,"১০ এপ্রিল, ১৯৭১","৭ মার্চ, ১৯৭১","১৮ অক্টোবর, ১৯৭১","১০ মার্চ, ১৯৭১",বাংলাদেশের প্রথম সরকার কবে আনুষ্ঠানিকভাবে আত্মপ্রকাশ  করে?,83,নতুন বিশ্ব
বাংলাদেশ মুক্তিযুদ্ধ ও স্বাধীনতা,বাংলাদেশ মুক্তিযুদ্ধ ও স্বাধীনতা,বাংলাদেশ মুক্তিযুদ্ধ ও স্বাধীনতা,,,২ নং সেক্টর,৩ নং সেক্টর,৫ নং সেক্টর,৮ নং সেক্টর,মুক্তিযুদ্ধের সময় ঢাকা শহর কোন সেক্টরের অধীনে ছিল?,97,নতুন বিশ্ব
বাংলাদেশ মুক্তিযুদ্ধ ও স্বাধীনতা,বাংলাদেশ মুক্তিযুদ্ধ ও স্বাধীনতা,বাংলাদেশ মুক্তিযুদ্ধ ও স্বাধীনতা,,,"৩টি (জেড ফোর্স, কে ফোর্স, এস ফোর্স)",২টি,১টি,৫টি,সম্মুখ সমরে পাকিস্তান সেনাবাহিনীর সঙ্গে যুদ্ধে লিপ্ত হওয়ার জন্য কতটি নিয়মিত ব্রিগেড গঠন করা হয়?,105,নতুন বিশ্ব
বাংলাদেশ মুক্তিযুদ্ধ ও স্বাধীনতা,বাংলাদেশ মুক্তিযুদ্ধ ও স্বাধীনতা,বাংলাদেশ মুক্তিযুদ্ধ ও স্বাধীনতা,,,"৭ জুলাই, ১৯৭১","১৫ জুন, ১৯৭৫","১৯ মার্চ, ১৯৭৪","৮ অক্টোবর, ১৯৭০",জেড ফোর্স ব্রিগেড কবে গঠন করা হয়?,106,নতুন বিশ্ব
বাংলাদেশ মুক্তিযুদ্ধ ও স্বাধীনতা,বাংলাদেশ মুক্তিযুদ্ধ ও স্বাধীনতা,বাংলাদেশ মুক্তিযুদ্ধ ও স্বাধীনতা,,,৩৬ সদস্য,৩০ সদস্য,৪১ সদস্য,৩৫ সদস্য,স্বাধীন বাংলা ফুটবল দল কত সদস্যবিশিষ্ট ছিল?,117,নতুন বিশ্ব
বাংলাদেশ মুক্তিযুদ্ধ ও স্বাধীনতা,বাংলাদেশ মুক্তিযুদ্ধ ও স্বাধীনতা,বাংলাদেশ মুক্তিযুদ্ধ ও স্বাধীনতা,,,১ ডিসেম্বর,২ জানুয়ারি,১৫ নভেম্বর,১৬ অক্টোবর,বেসরকারি পর্যায়ে মুক্তিযোদ্ধা দিবস পালিত হয় কবে?,155,নতুন বিশ্ব
বাংলাদেশ মুক্তিযুদ্ধ ও স্বাধীনতা,বাংলাদেশ মুক্তিযুদ্ধ ও স্বাধীনতা,বাংলাদেশ মুক্তিযুদ্ধ ও স্বাধীনতা,,,কাদেরীয় বাহিনী,শান্তি বাহিনী,গেরিলা বাহিনী,মুক্তিবাহিনী,ভারতীয় বাহিনীর সাথে কোন বাহিনী প্রথম ঢাকায় প্রবেশ করে?,159,নতুন বিশ্ব
বাংলাদেশ মুক্তিযুদ্ধ ও স্বাধীনতা,বাংলাদেশ মুক্তিযুদ্ধ ও স্বাধীনতা,বাংলাদেশ মুক্তিযুদ্ধ ও স্বাধীনতা,,,ফরম্যাট ইন্টারন্যাশনাল সিকিউরিটি প্রিন্টিং প্রেস (যুক্তরাজ্য),গাজীপুর সিকিউরিটি প্রিন্টিং প্রেস,ইন্টারন্যাশনাল প্রিন্টিং প্রেস কলকাতা,কোনোটিই নয়,প্রথম ডাকটিকিট মুদ্রণকারী প্রতিষ্ঠানের নাম কি?,165,নতুন বিশ্ব
বাংলাদেশ মুক্তিযুদ্ধ ও স্বাধীনতা,বাংলাদেশ মুক্তিযুদ্ধ ও স্বাধীনতা,বাংলাদেশ মুক্তিযুদ্ধ ও স্বাধীনতা,,,যশোর,চট্টগ্রাম,সিলেট,বরিশাল,স্বাধীনতাকালীন সময়ের ১৯টি জেলার মধ্যে কোন জেলা প্রথম শত্রুমুক্ত হয়?,177,নতুন বিশ্ব
বাংলাদেশ মুক্তিযুদ্ধ ও স্বাধীনতা,বাংলাদেশ মুক্তিযুদ্ধ ও স্বাধীনতা,বাংলাদেশ মুক্তিযুদ্ধ ও স্বাধীনতা,,,শহীদুল ইসলাম বীরপ্রতীক,হামিদুর রহমান,মতিউর রহমান,নূর মোহাম্মদ শেখ,সর্বকনিষ্ঠ খেতাবধারী মুক্তিযোদ্ধার নাম কি?,183,নতুন বিশ্ব
বাংলাদেশ মুক্তিযুদ্ধ ও স্বাধীনতা,বাংলাদেশ মুক্তিযুদ্ধ ও স্বাধীনতা,বাংলাদেশ মুক্তিযুদ্ধ ও স্বাধীনতা,,,অ্যালেন গিনসবার্গ,জর্জ হ্যারিসন,জহির রায়হান,রবার্ট রজার্স,মুক্তিযুদ্ধের ওপর রচিত কবিতা ‘সেপ্টেম্বর অন যশোর রোড’-এর রচয়িতা কে?,191,নতুন বিশ্ব
বাংলাদেশ মুক্তিযুদ্ধ ও স্বাধীনতা,বাংলাদেশ মুক্তিযুদ্ধ ও স্বাধীনতা,বাংলাদেশ মুক্তিযুদ্ধ ও স্বাধীনতা,,,১৫১ লাইনের,১২৯ লাইনের,১২৪ লাইনের,১৬০ লাইনের,‘সেপ্টেম্বর অন যশোর রোড’ কবিতাটি কত লাইনের?,192,নতুন বিশ্ব
বাংলাদেশ মুক্তিযুদ্ধ ও স্বাধীনতা,বাংলাদেশ মুক্তিযুদ্ধ ও স্বাধীনতা,বাংলাদেশ মুক্তিযুদ্ধ ও স্বাধীনতা,,,১৫০ ফুট,১৩০ ফুট,১২০ ফুট,১১০ ফুট,জাতীয় স্মৃতিসৌধের উচ্চতা কত?,203,নতুন বিশ্ব
বাংলাদেশ মুক্তিযুদ্ধ ও স্বাধীনতা,বাংলাদেশ মুক্তিযুদ্ধ ও স্বাধীনতা,বাংলাদেশ মুক্তিযুদ্ধ ও স্বাধীনতা,,,আব্দুর রাজ্জাক,হামিদুজ্জামান খান,মর্তুজা বশীর,তানভীর করিম,জাগ্রত চৌরঙ্গী-এর ভাস্কর কে?,227,নতুন বিশ্ব
বাংলাদেশ মুক্তিযুদ্ধ ও স্বাধীনতা,বাংলাদেশ মুক্তিযুদ্ধ ও স্বাধীনতা,বাংলাদেশ মুক্তিযুদ্ধ ও স্বাধীনতা,,,চট্টগ্রাম বিশ্ববিদ্যালয়ের কলা ভবন চত্বরে,ঢাকা বিশ্ববিদ্যালয়ের টিএসসি চত্বরে,রাজশাহী বিশ্ববিদ্যালয়ের সবুজ চত্বরে,জাহাঙ্গীরনগর বিশ্ববিদ্যালয়ের কেন্দ্রীয় গ্রন্থাগারের সামনে,স্মারক ভাস্কর্যের অবস্থান কোথায়?,242,নতুন বিশ্ব
বাংলাদেশ মুক্তিযুদ্ধ ও স্বাধীনতা,বাংলাদেশ মুক্তিযুদ্ধ ও স্বাধীনতা,বাংলাদেশ মুক্তিযুদ্ধ ও স্বাধীনতা,,,"ফুলার রোড, ঢাকা বিশ্ববিদ্যালয়",চট্টগ্রাম বিশ্ববিদ্যালয়ের কলা ভবন চত্বরে,"বাংলাদেশ কৃষি বিশ্ববিদ্যালয়, ময়মনসিংহ","ইসলামী বিশ্ববিদ্যালয়, কুষ্টিয়া",স্বাধীনতা সংগ্রাম-এর অবস্থান কোথায়?,268,নতুন বিশ্ব
বাংলাদেশ মুক্তিযুদ্ধ ও স্বাধীনতা,বাংলাদেশ মুক্তিযুদ্ধ ও স্বাধীনতা,বাংলাদেশ মুক্তিযুদ্ধ ও স্বাধীনতা,,,শামীম শিকদার,মোস্তফা হারুন কুদ্দু হিলি,রাজিউদ্দীন আহমদ,হাজ্জাজ কায়সার,স্বাধীনতা সংগ্রাম-এর ভাস্কর কে?,269,নতুন বিশ্ব
বাংলাদেশ মুক্তিযুদ্ধ ও স্বাধীনতা,বাংলাদেশ মুক্তিযুদ্ধ ও স্বাধীনতা,বাংলাদেশ মুক্তিযুদ্ধ ও স্বাধীনতা,,,"ইসলামী বিশ্ববিদ্যালয়, কুষ্টিয়া",জাহাঙ্গীরনগর বিশ্ববিদ্যালয়ের কেন্দ্রীয় গ্রন্থাগারের সামনে,চট্টগ্রাম বিশ্ববিদ্যালয়ের কলা ভবন চত্বরে,ঢাকা বিশ্ববিদ্যালয় শামসুন্নাহার হল সংলগ্ন ব-দ্বীপ,মুক্তবাংলা-এর অবস্থান কোথায়?,253,নতুন বিশ্ব
বাংলাদেশ মুক্তিযুদ্ধ ও স্বাধীনতা,বাংলাদেশ মুক্তিযুদ্ধ ও স্বাধীনতা,বাংলাদেশ মুক্তিযুদ্ধ ও স্বাধীনতা,,,রশীদ আহমদ,শামীম শিকদার,শ্যামল চৌধুরী,কাজী আরিফুল ইসলাম,মুক্তবাংলা-এর ভাস্কর কে?,254,নতুন বিশ্ব
বাংলাদেশ মুক্তিযুদ্ধ ও স্বাধীনতা,বাংলাদেশ মুক্তিযুদ্ধ ও স্বাধীনতা,বাংলাদেশ মুক্তিযুদ্ধ ও স্বাধীনতা,,,রাজশাহী উন্নয়ন কর্তৃপক্ষের তৎকালীন চেয়ারম্যান মুক্তিযোদ্ধা ব্রিগেডিয়ার আব্দুর রব,বঙ্গবন্ধু শেখ মুজিবুর রহমান,রাষ্ট্রপতি জিয়াউর রহমান,হুসেইন মুহম্মদ এরশাদ,স্মৃতি অম্লানের মূল পরিকল্পনাকারী কে?,247,নতুন বিশ্ব
বাংলাদেশ মুক্তিযুদ্ধ ও স্বাধীনতা,বাংলাদেশ মুক্তিযুদ্ধ ও স্বাধীনতা,বাংলাদেশ মুক্তিযুদ্ধ ও স্বাধীনতা,,,এজাজ-এ-কবীর,চঞ্চল কর্মকার,স্বপন আচার্য,বৈরাম খান,যুদ্ধ জয়-এর ভাস্কর কে?,272,নতুন বিশ্ব
বাংলাদেশ মুক্তিযুদ্ধ ও স্বাধীনতা,বাংলাদেশ মুক্তিযুদ্ধ ও স্বাধীনতা,বাংলাদেশ মুক্তিযুদ্ধ ও স্বাধীনতা,,,"আগারগাঁর, ঢাকা","শাহাবাগ মোড়, ঢাকা",রাজশাহী বিশ্ববিদ্যালয়ের সবুজ চত্বরে,ঢাকাস্থ বিমান বাহিনীর সদর দপ্তরের উত্তর পাশে,মুক্তিযুদ্ধ জাদুঘর কোথায় অবস্থিত?,275,নতুন বিশ্ব
বাংলাদেশ মুক্তিযুদ্ধ ও স্বাধীনতা,বাংলাদেশ মুক্তিযুদ্ধ ও স্বাধীনতা,বাংলাদেশ মুক্তিযুদ্ধ ও স্বাধীনতা,,,"১৬ ডিসেম্বর, ১৯৯৬","১৬ ডিসেম্বর, ১৯৬৯","২৯ আগস্ট, ১৯৭০","১৮ জুন, ১৯৬৪",‘মুক্তবাংলা’ এটি উদ্বোধন করা হয় কবে?,255,নতুন বিশ্ব
বাংলাদেশ মুক্তিযুদ্ধ ও স্বাধীনতা,বাংলাদেশ মুক্তিযুদ্ধ ও স্বাধীনতা,বাংলাদেশ মুক্তিযুদ্ধ ও স্বাধীনতা,,,"রাজারবাগ, ঢাকা",রাজারবাগ ফায়ার সার্ভিস সংলগ্ন,রাজারবাগ পুলিশ ফাঁড়ি,কোনোটিই নয়,রাজারবাগ শহিদ স্মৃতিসৌধ-এর অবস্থান?,257,নতুন বিশ্ব
বাংলাদেশ মুক্তিযুদ্ধ ও স্বাধীনতা,বাংলাদেশ মুক্তিযুদ্ধ ও স্বাধীনতা,বাংলাদেশ মুক্তিযুদ্ধ ও স্বাধীনতা,,,"নভেম্বর, ১৯৯৮","অক্টোর, ১৯৮৯","মার্চ, ২০০১","জুন, ১৯৯১",বিজয় ’৭১ ভাস্কর্যের নির্মাণ কাজ শুরু হয় কবে?,266,নতুন বিশ্ব
বাংলাদেশ মুক্তিযুদ্ধ ও স্বাধীনতা,বাংলাদেশ মুক্তিযুদ্ধ ও স্বাধীনতা,বাংলাদেশ মুক্তিযুদ্ধ ও স্বাধীনতা,,,"১৬ এপ্রিল, ২০১৭","২৬ জুন, ১৯৯১","২৯ আগস্ট, ১৯৭০","১৬ ডিসেম্বর, ১৯৬৯",ঢাকার আগারগাঁওয়ে মুক্তিযুদ্ধ জাদুঘরের যাত্রা শুরু হয় কবে?,276,নতুন বিশ্ব
বাংলাদেশ মুক্তিযুদ্ধ ও স্বাধীনতা,বাংলাদেশ মুক্তিযুদ্ধ ও স্বাধীনতা,বাংলাদেশ মুক্তিযুদ্ধ ও স্বাধীনতা,,,রাষ্ট্রপতি হুসেইন মুহম্মদ এরশাদ,বঙ্গবন্ধু শেখ মুজিবুর রহমান,মেজর জিয়াউর রহমান,এম. এ. জি. ওসমানী,‘রাজারবাগ শহিদ স্মৃতিসৌধ’ এটি উদ্বোধন করেন কে?,259,নতুন বিশ্ব
বাংলাদেশ মুক্তিযুদ্ধ ও স্বাধীনতা,বাংলাদেশ মুক্তিযুদ্ধ ও স্বাধীনতা,বাংলাদেশ মুক্তিযুদ্ধ ও স্বাধীনতা,,,কাজী আরিফুর ইসলাম,ফণী দাস,হাজ্জাজ কায়সার,আব্দুর রাজ্জাক,মুক্তিযুদ্ধ শহিদ স্মৃতি-এর ভাস্কর কে?,263,নতুন বিশ্ব
বাংলাদেশ মুক্তিযুদ্ধ ও স্বাধীনতা,বাংলাদেশ মুক্তিযুদ্ধ ও স্বাধীনতা,বাংলাদেশ মুক্তিযুদ্ধ ও স্বাধীনতা,,,শহিদ জননী জাহানারা ইমাম,শামীম শিকদার,তানজীম হাসান,রশীদ আহমদ,জয় বাংলা জয় তারুণ্য-এর উদ্বোধক কে?,252,নতুন বিশ্ব
বাংলাদেশ মুক্তিযুদ্ধ ও স্বাধীনতা,বাংলাদেশ মুক্তিযুদ্ধ ও স্বাধীনতা,বাংলাদেশ মুক্তিযুদ্ধ ও স্বাধীনতা,,,আলাউদ্দীন বুলবুল,মোস্তফা হারুন কুদ্দুস হিলি,তাজীম হাসান,মৃণাল হক,জয় বাংলা জয় তারুণ্য-এর স্থপতি কে?,250,নতুন বিশ্ব
বাংলাদেশ মুক্তিযুদ্ধ ও স্বাধীনতা,বাংলাদেশ মুক্তিযুদ্ধ ও স্বাধীনতা,বাংলাদেশ মুক্তিযুদ্ধ ও স্বাধীনতা,,,ঢাকাস্থ বিমান বাহিনীর সদর দপ্তরের উত্তর পাশে,ঢাকা বিশ্ববিদ্যালয়ের টিএসসি চত্বরে,জাহাঙ্গীরনগর বিশ্ববিদ্যালয়ের উত্তর পাশে,চট্টগ্রাম বিশ্ববিদ্যালয়ের কলা ভবন চত্বরে,মুক্তিযুদ্ধ শহিদ স্মৃতি-এর অবস্থান কোথায়?,261,নতুন বিশ্ব
বাংলাদেশ মুক্তিযুদ্ধ ও স্বাধীনতা,বাংলাদেশ মুক্তিযুদ্ধ ও স্বাধীনতা,বাংলাদেশ মুক্তিযুদ্ধ ও স্বাধীনতা,,,"বাংলাদেশ কৃষি বিশ্ববিদ্যালয়, ময়মনসিংহ",চট্টগ্রাম বিশ্ববিদ্যালয়ের কলা ভবন চত্বরে,"ইসলামী বিশ্ববিদ্যালয়, কুষ্টিয়া",বরিশাল বিশ্ববিদ্যালয় সংলগ্ন,বিজয় ’৭১-এর অবস্থান কোথায়?,264,নতুন বিশ্ব
বাংলাদেশ মুক্তিযুদ্ধ ও স্বাধীনতা,বাংলাদেশ মুক্তিযুদ্ধ ও স্বাধীনতা,বাংলাদেশ মুক্তিযুদ্ধ ও স্বাধীনতা,,,"১৬ ডিসেম্বর, ২০০০","২৯ আগস্ট, ১৯৭০","১৬ ডিসেম্বর, ১৯৬৯","১৮ জুন, ১৯৬৪",বিজয় ’৭১-এর ফলক উন্মোচন করা হয় কবে?,267,নতুন বিশ্ব
বাংলাদেশ মুক্তিযুদ্ধ ও স্বাধীনতা,বাংলাদেশ মুক্তিযুদ্ধ ও স্বাধীনতা,বাংলাদেশ মুক্তিযুদ্ধ ও স্বাধীনতা,,,কুমিল্লার প্রবেশমুখ আলেখার চর ঢাকা-চট্টগ্রাম বিশ্ব রোডের সড়কদ্বীপে,"বাংলাদেশ কৃষি বিশ্ববিদ্যালয়, ময়মনসিংহ",চট্টগ্রাম বিশ্ববিদ্যালয়ের কলা ভবন চত্বরে,বরিশাল বিশ্ববিদ্যালয় সংলগ্ন,যুদ্ধ জয়-এর অবস্থান কোথায়?,271,নতুন বিশ্ব
বাংলাদেশ মুক্তিযুদ্ধ ও স্বাধীনতা,বাংলাদেশ মুক্তিযুদ্ধ ও স্বাধীনতা,বাংলাদেশ মুক্তিযুদ্ধ ও স্বাধীনতা,,,"২৬ মার্চ, ১৯৯০","১৬ ডিসেম্বর, ১৯৬৯","২২ আগস্ট, ২০০৭","২৬ জুন, ১৯৯১",‘রাজারবাগ শহিদ স্মৃতিসৌধ’ এটি উদ্বোধন করা হয় কবে?,258,নতুন বিশ্ব
বাংলাদেশ মুক্তিযুদ্ধ ও স্বাধীনতা,বাংলাদেশ মুক্তিযুদ্ধ ও স্বাধীনতা,বাংলাদেশ মুক্তিযুদ্ধ ও স্বাধীনতা,,,রাজিউদ্দীন আহমদ,মৃনাল হক,লুই আইকন,বিন্দু সরকার,স্মৃতি অম্লান-এর স্থপতি ও ডিজাইনার কে?,248,নতুন বিশ্ব
বাংলাদেশ মুক্তিযুদ্ধ ও স্বাধীনতা,বাংলাদেশ মুক্তিযুদ্ধ ও স্বাধীনতা,বাংলাদেশ মুক্তিযুদ্ধ ও স্বাধীনতা,,,শ্যামল চৌধুরী,রাজিউদ্দীন আহমদ,তানভীর করিম,রুপম রায়,বিজয় ’৭১-এর ভাস্কর কে?,265,নতুন বিশ্ব
বাংলাদেশ মুক্তিযুদ্ধ ও স্বাধীনতা,বাংলাদেশ মুক্তিযুদ্ধ ও স্বাধীনতা,বাংলাদেশ মুক্তিযুদ্ধ ও স্বাধীনতা,,,তাজীম হাসান ও নাহিদ ফারজানা,তানভীর করিম,হামিদুজ্জামান খান,নাসির খান,মুক্তিযুদ্ধ জাদুঘরের স্থপতি কে?,277,নতুন বিশ্ব
বাংলাদেশ মুক্তিযুদ্ধ ও স্বাধীনতা,বাংলাদেশ মুক্তিযুদ্ধ ও স্বাধীনতা,বাংলাদেশ মুক্তিযুদ্ধ ও স্বাধীনতা,,,৪০ ফুট,২৭ ফুট,৩২ ফুট,১৯ ফুট,‘মুক্তবাংলা’-এর আয়তন কত ফুট?,256,নতুন বিশ্ব
বাংলাদেশ মুক্তিযুদ্ধ ও স্বাধীনতা,বাংলাদেশ মুক্তিযুদ্ধ ও স্বাধীনতা,বাংলাদেশ মুক্তিযুদ্ধ ও স্বাধীনতা,,,ঢাকা বিশ্ববিদ্যালয় শামসুন্নাহার হল সংলগ্ন ব-দ্বীপ,চট্টগ্রাম বিশ্ববিদ্যালয়ের কলা ভবন চত্বরে,ঢাকা বিশ্ববিদ্যালয়ের দোয়েল চত্বরে,জাহাঙ্গীরনগর বিশ্ববিদ্যালয়ের কেন্দ্রীয় গ্রন্থাগারের সামনে,জয় বাংলা জয় তারুণ্য-এর অবস্থান কোথায়?,249,নতুন বিশ্ব
বাংলাদেশ মুক্তিযুদ্ধ ও স্বাধীনতা,বাংলাদেশ মুক্তিযুদ্ধ ও স্বাধীনতা,বাংলাদেশ মুক্তিযুদ্ধ ও স্বাধীনতা,,,মোস্তফা হারুন কুদ্দুস হিলি,মৃণাল হক,হাজ্জাজ কায়সার,সেয়দ মাইনুল হোসেন,‘রাজারবাগ শহিদ স্মৃতিসৌধ’-এর স্থপতি কে?,260,নতুন বিশ্ব
বাংলাদেশ মুক্তিযুদ্ধ ও স্বাধীনতা,বাংলাদেশ মুক্তিযুদ্ধ ও স্বাধীনতা,বাংলাদেশ মুক্তিযুদ্ধ ও স্বাধীনতা,,,"২২ ফেব্রুয়ারি, ১৯৯৩","২৬ অক্টোবর, ১৯৭৫","১৬ জুন, ১৯৭৩","২৯ আগস্ট, ১৯৯৯",‘জয় বাংলা জয় তারুণ‘ এটি উদ্বোধন করা হয় কবে?,251,নতুন বিশ্ব
বাংলাদেশ মুক্তিযুদ্ধ ও স্বাধীনতা,বাংলাদেশ মুক্তিযুদ্ধ ও স্বাধীনতা,বাংলাদেশ মুক্তিযুদ্ধ ও স্বাধীনতা,,,"১৮ অক্টোবর, ১৯৯৯","২৬ জুন, ১৯৯১","২৯ আগস্ট, ১৯৭০","১৬ ডিসেম্বর, ১৯৬৯",মুক্তিযুদ্ধ শহিদ স্মৃতি-এর ভিত্তিপ্রস্তর স্থাপন করা হয় কবে?,262,নতুন বিশ্ব
বাংলাদেশ মুক্তিযুদ্ধ ও স্বাধীনতা,বাংলাদেশ মুক্তিযুদ্ধ ও স্বাধীনতা,বাংলাদেশ মুক্তিযুদ্ধ ও স্বাধীনতা,,,"৭ মার্চ, ১৯৯৯","১৬ ডিসেম্বর, ১৯৬৯","২৬ জুন, ১৯৯১","১৮ অক্টোবর, ১৯৯৯",‘স্বাধীনতা সংগ্রাম’ এটি উদ্বোধন করা হয় কবে?,270,নতুন বিশ্ব
বাংলাদেশ মুক্তিযুদ্ধ ও স্বাধীনতা,বাংলাদেশ মুক্তিযুদ্ধ ও স্বাধীনতা,বাংলাদেশ মুক্তিযুদ্ধ ও স্বাধীনতা,,,"১৬ ডিসেম্বর, ২০০৭","১৮ অক্টোবর, ১৯৯৯","২৯ আগস্ট, ১৯৭০","১৮ জুন, ১৯৬৪",যুদ্ধ জয় ভাস্কর্যটি উদ্বোধন করা হয় কবে?,273,নতুন বিশ্ব
বাংলাদেশ মুক্তিযুদ্ধ ও স্বাধীনতা,বাংলাদেশ মুক্তিযুদ্ধ ও স্বাধীনতা,বাংলাদেশ মুক্তিযুদ্ধ ও স্বাধীনতা,,,"২২ মার্চ, ১৯৬৬","১৮ জুন, ১৯৬৪","২৯ আগস্ট, ১৯৭০","১৮ অক্টোবর, ১৯৯৯",মুক্তিযুদ্ধ জাদুঘর প্রতিষ্ঠা করা হয় কবে?,274,নতুন বিশ্ব